1929,1,2,3,4,5,6,7,8,9,10,11,12,13,14,15,16,17,18,19,20,21,22,23,24,25,26,27,28,29,30,31
1,角,亢,氐,房,心,尾,箕,斗,女,虚,虚,危,室,壁,奎,婁,胃,昴,畢,觜,参,井,鬼,柳,星,張,翼,軫,角,亢,氐
2,房,心,尾,箕,斗,女,虚,危,室,室,壁,奎,婁,胃,昴,畢,觜,参,井,鬼,柳,星,張,翼,軫,角,亢,氐
3,房,心,尾,箕,斗,女,虚,危,室,壁,奎,婁,胃,昴,畢,觜,参,井,鬼,柳,星,張,翼,軫,角,亢,氐,房,心,尾,箕
4,斗,女,虚,危,室,壁,奎,婁,胃,胃,昴,畢,觜,参,井,鬼,柳,星,張,翼,軫,角,亢,氐,房,心,尾,箕,斗,女
5,虚,危,室,壁,奎,婁,胃,昴,畢,觜,参,井,鬼,柳,星,張,翼,軫,角,亢,氐,房,心,尾,箕,斗,女,虚,危,室,壁
6,奎,婁,胃,昴,畢,觜,参,井,鬼,柳,星,張,翼,軫,角,亢,氐,房,心,尾,箕,斗,女,虚,危,室,壁,奎,婁,胃
7,昴,畢,觜,参,井,鬼,鬼,柳,星,張,翼,軫,角,亢,氐,房,心,尾,箕,斗,女,虚,危,室,壁,奎,婁,胃,昴,畢,觜
8,参,井,鬼,柳,張,翼,軫,角,亢,氐,房,心,尾,箕,斗,女,虚,危,室,壁,奎,婁,胃,昴,畢,觜,参,井,鬼,柳,星
9,張,翼,角,亢,氐,房,心,尾,箕,斗,女,虚,危,室,壁,奎,婁,胃,昴,畢,觜,参,井,鬼,柳,星,張,翼,軫,角
10,亢,氐,氐,房,心,尾,箕,斗,女,虚,危,室,壁,奎,婁,胃,昴,畢,觜,参,井,鬼,柳,星,張,翼,軫,角,亢,氐,房
11,心,尾,箕,斗,女,虚,危,室,壁,奎,婁,胃,昴,畢,觜,参,井,鬼,柳,星,張,翼,軫,角,亢,氐,房,心,尾,箕
12,斗,女,虚,危,室,壁,奎,婁,胃,昴,畢,觜,参,井,鬼,柳,星,張,翼,軫,角,亢,氐,房,心,尾,箕,斗,女,虚,虚
1930,1,2,3,4,5,6,7,8,9,10,11,12,13,14,15,16,17,18,19,20,21,22,23,24,25,26,27,28,29,30,31
1,危,室,壁,奎,婁,胃,昴,畢,觜,参,井,鬼,柳,星,張,翼,軫,角,亢,氐,房,心,尾,箕,斗,女,虚,危,室,室,壁
2,奎,婁,胃,昴,畢,觜,参,井,鬼,柳,星,張,翼,軫,角,亢,氐,房,心,尾,箕,斗,女,虚,危,室,壁,奎
3,婁,胃,昴,畢,觜,参,井,鬼,柳,星,張,翼,軫,角,亢,氐,房,心,尾,箕,斗,女,虚,危,室,壁,奎,婁,胃,胃,昴
4,畢,觜,参,井,鬼,柳,星,張,翼,軫,角,亢,氐,房,心,尾,箕,斗,女,虚,危,室,壁,奎,婁,胃,昴,畢,畢,觜
5,参,井,鬼,柳,星,張,翼,軫,角,亢,氐,房,心,尾,箕,斗,女,虚,危,室,壁,奎,婁,胃,昴,畢,觜,参,井,鬼,柳
6,星,張,翼,軫,角,亢,氐,房,心,尾,箕,斗,女,虚,危,室,壁,奎,婁,胃,昴,畢,觜,参,井,鬼,柳,星,張,翼
7,軫,角,亢,氐,房,心,尾,箕,斗,女,虚,危,室,壁,奎,婁,胃,昴,畢,觜,参,井,鬼,柳,星,鬼,柳,星,張,翼,軫
8,角,亢,氐,房,心,尾,箕,斗,女,虚,危,室,壁,奎,婁,胃,昴,畢,觜,参,井,鬼,柳,張,翼,軫,角,亢,氐,房,心
9,尾,箕,斗,女,虚,危,室,壁,奎,婁,胃,昴,畢,觜,参,井,鬼,柳,星,張,翼,角,亢,氐,房,心,尾,箕,斗,女
10,虚,危,室,壁,奎,婁,胃,昴,畢,觜,参,井,鬼,柳,星,張,翼,軫,角,亢,氐,氐,房,心,尾,箕,斗,女,虚,危,室
11,壁,奎,婁,胃,昴,畢,觜,参,井,鬼,柳,星,張,翼,軫,角,亢,氐,房,心,尾,箕,斗,女,虚,危,室,壁,奎,婁
12,胃,昴,畢,觜,参,井,鬼,柳,星,張,翼,軫,角,亢,氐,房,心,尾,箕,斗,女,虚,危,室,壁,奎,婁,胃,昴,畢,觜
1931,1,2,3,4,5,6,7,8,9,10,11,12,13,14,15,16,17,18,19,20,21,22,23,24,25,26,27,28,29,30,31
1,参,井,鬼,柳,星,張,翼,軫,角,亢,氐,房,心,尾,箕,斗,女,虚,虚,危,室,壁,奎,婁,胃,昴,畢,觜,参,井,鬼
2,柳,星,張,翼,軫,角,亢,氐,房,心,尾,箕,斗,女,虚,危,室,壁,奎,婁,胃,昴,畢,觜,参,井,鬼,柳
3,星,張,翼,軫,角,亢,氐,房,心,尾,箕,斗,女,虚,危,室,壁,奎,奎,婁,胃,昴,畢,觜,参,井,鬼,柳,星,張,翼
4,畢,觜,参,井,鬼,柳,星,張,翼,軫,角,亢,氐,房,心,尾,箕,斗,女,虚,危,室,壁,奎,婁,胃,昴,畢,畢,觜
5,亢,氐,房,心,尾,箕,斗,女,虚,危,室,壁,奎,婁,胃,昴,畢,畢,觜,参,井,鬼,柳,星,張,翼,軫,角,亢,氐,房
6,心,尾,箕,斗,女,虚,危,室,壁,奎,婁,胃,昴,畢,畢,觜,参,井,鬼,柳,星,張,翼,軫,角,亢,氐,房,心,尾,箕
7,斗,女,虚,危,室,壁,奎,婁,胃,昴,畢,觜,参,井,鬼,柳,星,張,翼,軫,角,亢,氐,房,心,尾,箕,斗,女,虚,危
8,室,壁,奎,婁,胃,昴,畢,觜,参,井,鬼,柳,星,張,翼,軫,角,亢,氐,房,心,尾,箕,斗,女,虚,危,室,壁,奎,婁
9,胃,昴,畢,觜,参,井,鬼,柳,星,張,翼,軫,角,亢,氐,房,心,尾,箕,斗,女,虚,危,室,壁,奎,婁,胃,昴,畢,觜
10,参,井,鬼,柳,星,張,翼,軫,角,亢,氐,房,心,尾,箕,斗,女,虚,危,室,壁,奎,婁,胃,昴,畢,觜,参,井,鬼,柳
11,星,張,翼,軫,角,亢,氐,房,心,尾,箕,斗,女,虚,危,室,壁,奎,婁,胃,昴,畢,觜,参,井,鬼,柳,星,張
12,翼,軫,角,亢,氐,房,心,尾,斗,女,虚,危,室,壁,奎,婁,胃,昴,畢,觜,参,井,鬼,柳,星,張,翼,軫,角,亢,氐
1932,1,2,3,4,5,6,7,8,9,10,11,12,13,14,15,16,17,18,19,20,21,22,23,24,25,26,27,28,29,30,31
1,房,心,尾,箕,斗,女,虚,虚,危,室,壁,奎,婁,胃,昴,畢,觜,参,井,鬼,柳,星,張,翼,軫,角,亢,氐,房,心,尾
2,箕,斗,女,虚,危,室,壁,奎,婁,胃,昴,畢,觜,参,井,鬼,柳,星,張,翼,軫,角,亢,氐,房,心,尾,箕,斗
3,女,虚,危,室,壁,奎,奎,婁,胃,昴,畢,觜,参,井,鬼,柳,星,張,翼,軫,角,亢,氐,房,心,尾,箕,斗,女,虚,危
4,室,壁,奎,婁,胃,胃,昴,畢,觜,参,井,鬼,柳,星,張,翼,軫,角,亢,氐,房,心,尾,箕,斗,女,虚,危,室,壁
5,奎,婁,胃,昴,畢,觜,参,井,鬼,柳,星,張,翼,軫,角,亢,氐,房,心,尾,箕,斗,女,虚,危,室,壁,奎,奎,婁,胃
6,昴,畢,觜,参,井,鬼,柳,星,張,翼,軫,角,亢,氐,房,心,尾,箕,斗,女,虚,危,室,壁,奎,婁,胃,昴,畢,觜
7,参,井,鬼,鬼,柳,星,張,翼,軫,角,亢,氐,房,心,尾,箕,斗,女,虚,危,室,壁,奎,婁,胃,昴,畢,觜,参,井,鬼
8,柳,張,翼,軫,角,亢,氐,房,心,尾,箕,斗,女,虚,危,室,壁,奎,婁,胃,昴,畢,觜,参,井,鬼,柳,星,張,翼,軫
9,角,亢,氐,房,心,尾,箕,斗,女,虚,危,室,壁,奎,婁,胃,昴,畢,觜,,参,井,鬼,柳,星,張,翼,軫,角,亢,氐
10,房,心,尾,箕,斗,女,虚,危,室,壁,奎,婁,胃,昴,畢,觜,参,井,鬼,柳,星,張,翼,軫,角,亢,氐,房,心,尾,箕
11,斗,女,虚,危,室,壁,奎,婁,胃,昴,畢,觜,参,井,鬼,柳,星,張,翼,軫,角,亢,氐,房,心,尾,箕,斗,女,虚
12,危,室,壁,奎,婁,胃,昴,畢,觜,参,井,鬼,柳,星,張,翼,軫,角,亢,氐,房,心,尾,箕,斗,女,虚,危,室,壁,奎
1933,1,2,3,4,5,6,7,8,9,10,11,12,13,14,15,16,17,18,19,20,21,22,23,24,25,26,27,28,29,30,31
1,婁,胃,昴,畢,觜,参,井,鬼,柳,星,張,翼,軫,角,亢,底,房,心,尾,箕,斗,女,虚,危,室,室,壁,奎,婁,胃,昴
2,畢,觜,参,井,鬼,柳,星,張,翼,軫,角,亢,氐,房,心,尾,箕,斗,女,虚,危,室,壁,奎,婁,胃,昴,畢
3,觜,参,井,鬼,柳,星,張,翼,軫,角,亢,氐,房,心,尾,箕,斗,女,虚,危,室,壁,奎,婁,胃,胃,昴,畢,觜,参,井
4,鬼,柳,星,張,翼,軫,角,亢,氐,房,心,尾,箕,斗,女,虚,危,室,壁,奎,婁,胃,昴,畢,畢,觜,参,井,鬼,柳
5,星,張,翼,軫,角,亢,低,房,心,尾,箕,斗,女,虚,危,室,壁,奎,婁,胃,昴,畢,觜,参,井,鬼,柳,星,張,翼,軫
6,角,亢,氐,房,心,尾,箕,斗,女,虚,危,室,壁,奎,婁,胃,昴,畢,觜,参,井,鬼,参,井,鬼,柳,星,張,翼,軫
7,角,亢,氐,房,心,尾,箕,斗,女,虚,危,室,壁,奎,婁,胃,昴,畢,觜,参,井,鬼,鬼,柳,星,張,翼,軫,角,亢,氐
8,房,心,尾,箕,斗,女,虚,危,室,壁,奎,婁,胃,昴,畢,觜,参,井,鬼,柳,張,翼,軫,角,亢,氐,房,心,尾,箕,斗
9,女,虚,危,室,壁,奎,婁,胃,昴,畢,觜,参,井,鬼,柳,星,張,翼,軫,角,亢,氐,房,心,尾,箕,斗,女,虚,危
10,室,壁,奎,婁,胃,昴,畢,觜,参,井,鬼,柳,星,張,翼,軫,角,亢,氐,房,心,尾,箕,斗,女,虚,危,室,壁,奎,婁
11,胃,昴,畢,觜,参,井,鬼,柳,星,張,翼,軫,角,亢,氐,房,心,心,尾,箕,斗,女,虚,危,室,壁,奎,婁,胃,昴
12,畢,觜,参,井,鬼,柳,星,張,翼,軫,角,亢,氐,房,心,尾,斗,女,虚,危,室,壁,奎,婁,胃,昴,畢,觜,参,井,鬼
1934,1,2,3,4,5,6,7,8,9,10,11,12,13,14,15,16,17,18,19,20,21,22,23,24,25,26,27,28,29,30,31
1,柳,星,張,翼,軫,角,亢,氐,房,心,尾,箕,斗,女,虚,危,室,壁,奎,婁,胃,昴,畢,觜,参,井,鬼,柳,星,張,翼
2,軫,角,亢,氐,房,心,尾,箕,斗,女,虚,危,室,室,壁,奎,婁,胃,昴,畢,觜,参,井,鬼,柳,星,張,翼
3,軫,角,亢,氐,房,心,尾,箕,斗,女,虚,危,室,壁,奎,婁,胃,昴,畢,觜,参,井,鬼,柳,星,張,翼,軫,角,亢,氐
4,房,心,尾,箕,斗,女,虚,危,室,壁,奎,婁,胃,胃,昴,畢,觜,参,井,鬼,柳,星,張,翼,軫,角,亢,氐,房,心
5,尾,箕,斗,女,虚,危,室,壁,奎,婁,胃,昴,畢,觜,参,井,鬼,柳,星,張,翼,軫,角,亢,氐,房,心,尾,箕,斗,女 
6,虚,危,室,壁,奎,婁,胃,昴,畢,觜,参,参,井,鬼,柳,星,張,翼,軫,角,亢,氐,房,心,尾,箕,斗,女,虚,危
7,室,壁,奎,婁,胃,昴,畢,觜,参,井,鬼,鬼,柳,星,張,翼,軫,角,亢,氐,房,心,尾,箕,斗,女,虚,危,室,壁,奎
8,婁,胃,昴,畢,觜,参,井,鬼,柳,張,翼,軫,角,亢,氐,房,心,尾,箕,斗,女,虚,危,室,壁,奎,婁,胃,昴,畢,觜
9,参,井,鬼,柳,星,張,翼,軫,角,亢,氐,房,心,尾,箕,斗,女,虚,危,室,壁,奎,婁,胃,昴,畢,觜,参,井,鬼
10,柳,星,張,翼,軫,角,亢,氐,氐,房,心,尾,箕,斗,女,虚,危,室,壁,奎,婁,胃,昴,畢,觜,参,井,鬼,柳,星,張
11,翼,軫,角,亢,氐,房,心,尾,箕,斗,女,虚,危,室,壁,奎,婁,胃,昴,畢,觜,参,井,鬼,柳,星,張,翼,軫,角
12,亢,氐,房,心,尾,箕,斗,女,虚,危,室,壁,奎,婁,胃,昴,畢,觜,参,井,鬼,柳,星,張,翼,軫,角,亢,氐,房,心
1935,1,2,3,4,5,6,7,8,9,10,11,12,13,14,15,16,17,18,19,20,21,22,23,24,25,26,27,28,29,30,31
1,尾,箕,斗,女,虚,危,室,壁,奎,婁,胃,昴,奎,觜,参,井,鬼,柳,星,張,翼,軫,角,亢,氐,房,心,尾,箕,斗,女
2,虚,危,室,室,壁,奎,婁,胃,昴,畢,觜,参,井,鬼,柳,星,張,翼,軫,角,亢,氐,房,心,尾,箕,斗,女
3,虚,危,室,壁,奎,婁,胃,昴,畢,觜,参,井,鬼,柳,星,張,翼,軫,角,亢,氐,房,心,尾,箕,斗,女,虚,危,室,壁
4,奎,婁,胃,昴,畢,觜,参,井,鬼,柳,星,張,翼,軫,角,亢,氐,房,心,尾,箕,斗,女,虚,危,室,壁,奎,婁,胃
5,昴,畢,畢,觜,参,井,鬼,柳,星,張,翼,軫,角,亢,氐,房,心,尾,箕,斗,女,虚,危,室,壁,奎,婁,胃,昴,畢,觜
6,参,井,鬼,柳,星,張,翼,軫,角,亢,氐,房,心,尾,箕,斗,女,虚,危,室,壁,奎,婁,胃,昴,畢,觜,参,井,鬼
7,鬼,柳,星,張,翼,軫,角,亢,氐,房,心,尾,箕,斗,女,虚,危,室,壁,奎,婁,胃,昴,畢,觜,参,井,鬼,柳,張,翼
8,軫,角,亢,氐,房,心,尾,箕,斗,女,虚,危,室,壁,奎,婁,胃,昴,畢,觜,参,井,鬼,柳,星,張,翼,軫,角,亢,氐
9,房,心,尾,箕,斗,女,虚,危,室,壁,奎,婁,胃,昴,畢,觜,参,井,鬼,柳,星,張,翼,軫,角,亢,氐,氐,房,心
10,尾,箕,斗,女,虚,危,室,壁,奎,婁,胃,昴,畢,觜,参,井,鬼,柳,星,張,翼,軫,角,亢,氐,房,心,尾,箕,斗,女
11,虚,危,室,壁,奎,婁,胃,昴,畢,觜,参,井,鬼,柳,星,張,翼,軫,角,亢,氐,房,心,尾,箕,斗,女,虚,危,室
12,壁,奎,婁,胃,昴,畢,觜,参,井,鬼,柳,星,張,翼,軫,角,亢,氐,房,心,尾,箕,斗,女,虚,虚,危,室,壁,奎,婁
1936,1,2,3,4,5,6,7,8,9,10,11,12,13,14,15,16,17,18,19,20,21,22,23,24,25,26,27,28,29,30,31
1,胃,昴,畢,觜,参,胃,鬼,柳,星,張,翼,軫,角,亢,氐,房,心,尾,箕,斗,女,虚,危,室,壁,奎,婁,胃,昴,畢,觜
2,参,井,鬼,柳,星,張,翼,軫,角,亢,氐,房,心,尾,箕,斗,女,虚,危,室,壁,奎,奎,婁,胃,昴,畢,觜,参
3,井,鬼,柳,星,張,翼,軫,角,亢,氐,房,心,尾,箕,斗,女,虚,危,室,壁,奎,婁,胃,昴,畢,觜,参,井,鬼,柳,星
4,張,翼,軫,角,亢,氐,房,心,尾,箕,斗,女,虚,危,室,壁,奎,婁,胃,昴,胃,昴,畢,觜,参,井,鬼,柳,星,張
5,翼,軫,角,亢,氐,房,心,尾,箕,斗,女,虚,危,室,壁,奎,婁,胃,昴,畢,畢,觜,参,井,鬼,柳,星,張,翼,軫,角
6,亢,氐,房,心,尾,箕,斗,女,虚,危,室,壁,奎,婁,胃,昴,畢,觜,参,井,鬼,柳,星,張,翼,軫,角,亢,氐,房
7,心,尾,箕,斗,女,虚,危,室,壁,奎,婁,胃,昴,畢,觜,参,井,鬼,鬼,柳,星,張,翼,軫,角,亢,氐,房,心,尾,箕
10,胃,昴,畢,觜,参,井,鬼,柳,星,張,翼,軫,角,亢,氐,房,心,尾,箕,斗,女,虚,危,室,壁,奎,婁,胃,昴,畢,觜
11,参,井,鬼,柳,星,張,翼,軫,角,亢,氐,房,心,心,尾,箕,斗,女,虚,危,室,壁,奎,婁,胃,昴,畢,觜,参,井
12,鬼,柳,星,張,翼,軫,角,亢,氐,房,心,尾,箕,斗,女,虚,危,室,壁,奎,婁,胃,昴,畢,觜,参,井,鬼,柳,星,張
1937,1,2,3,4,5,6,7,8,9,10,11,12,13,14,15,16,17,18,19,20,21,22,23,24,25,26,27,28,29,30,31
1,翼,軫,角,亢,氐,房,心,尾,箕,斗,女,虚,虚,危,室,壁,奎,婁,胃,昴,畢,觜,参,井,鬼,柳,星,張,翼,軫,角
2,亢,氐,房,心,尾,箕,斗,女,虚,危,室,壁,奎,婁,胃,昴,畢,觜,参,井,鬼,柳,星,張,翼,軫,角,亢
3,氐,房,心,尾,箕,斗,女,虚,危,室,壁,奎,奎,婁,胃,昴,畢,觜,参,井,鬼,柳,星,張,翼,軫,角,亢,氐,房,心
4,尾,箕,斗,女,虚,危,室,壁,奎,婁,胃,昴,畢,觜,参,井,鬼,柳,星,張,翼,軫,角,亢,氐,房,心,尾,箕,斗
5,女,虚,危,室,壁,奎,婁,胃,昴,畢,觜,参,井,鬼,柳,星,張,翼,軫,角,亢,氐,房,心,尾,箕,斗,女,虚,危,室
6,壁,奎,婁,胃,昴,畢,觜,参,参,井,鬼,柳,星,張,翼,軫,角,亢,氐,房,心,尾,箕,斗,女,虚,危,室,壁,奎
7,婁,胃,昴,畢,觜,参,井,鬼,柳,星,張,翼,軫,角,亢,氐,房,心,尾,箕,斗,女,虚,危,室,壁,奎,婁,胃,昴,畢
8,觜,参,井,鬼,柳,張,翼,軫,角,亢,氐,房,心,尾,箕,斗,女,虚,危,室,壁,奎,婁,胃,昴,畢,觜,参,井,鬼,柳
9,星,張,翼,軫,角,亢,氐,房,心,尾,箕,斗,女,虚,危,室,壁,奎,婁,胃,昴,畢,觜,参,井,鬼,柳,星,張,翼
10,軫,角,亢,氐,房,心,尾,箕,斗,女,虚,危,室,壁,奎,婁,胃,昴,畢,觜,参,井,鬼,柳,星,張,翼,軫,角,亢,氐
11,房,心,心,尾,箕,斗,女,虚,危,室,壁,奎,婁,胃,昴,畢,觜,参,井,鬼,柳,星,張,翼,軫,角,亢,氐,房,心
12,尾,箕,斗,女,虚,危,室,壁,奎,婁,胃,房,畢,觜,参,井,鬼,柳,星,張,翼,軫,角,亢,氐,房,心,尾,箕,斗,女
1938,1,2,3,4,5,6,7,8,9,10,11,12,13,14,15,16,17,18,19,20,21,22,23,24,25,26,27,28,29,30,31
1,虚,虚,危,室,壁,奎,婁,胃,昴,畢,觜,参,井,鬼,柳,星,張,翼,軫,角,亢,氐,房,心,尾,箕,斗,女,虚,危,室
2,壁,奎,婁,胃,昴,畢,觜,参,井,鬼,柳,星,張,翼,軫,角,亢,氐,房,心,尾,箕,斗,女,虚,危,室,壁
3,奎,奎,婁,胃,昴,畢,觜,参,井,鬼,柳,星,張,翼,軫,角,亢,氐,房,心,尾,箕,斗,女,虚,危,室,壁,奎,婁,胃
4,胃,昴,畢,觜,参,井,鬼,柳,星,張,翼,軫,角,亢,氐,房,心,尾,箕,斗,女,虚,危,室,壁,奎,婁,胃,昴,畢
5,觜,参,井,鬼,柳,星,張,翼,軫,角,亢,氐,房,心,尾,箕,斗,女,虚,危,室,壁,奎,婁,胃,昴,畢,觜,参,井,鬼
6,柳,星,張,翼,軫,角,亢,氐,房,心,尾,箕,斗,女,虚,危,室,壁,奎,婁,胃,昴,畢,觜,参,井,鬼,鬼,柳,星
7,張,翼,軫,角,亢,氐,房,心,尾,箕,斗,女,虚,危,室,壁,奎,婁,胃,昴,畢,觜,参,井,鬼,柳,張,翼,軫,角,亢
8,氐,房,心,尾,箕,斗,女,虚,危,室,壁,奎,婁,胃,昴,畢,觜,参,井,鬼,柳,星,張,翼,張,翼,軫,角,亢,氐,房
9,心,尾,箕,斗,女,虚,危,室,壁,奎,婁,胃,昴,畢,觜,参,井,鬼,柳,星,張,翼,軫,角,亢,氐,房,心,尾,箕
10,斗,女,虚,危,室,壁,奎,婁,胃,昴,畢,觜,参,井,鬼,柳,星,張,翼,軫,角,亢,氐,房,心,尾,箕,斗,女,虚,危　
11,室,壁,奎,婁,胃,昴,畢,觜,参,井,鬼,柳,星,張,翼,軫,角,亢,氐,房,心,心,尾,箕,斗,女,虚,危,室,壁
12,奎,婁,胃,昴,畢,觜,参,井,鬼,柳,星,張,翼,軫,角,亢,氐,房,心,尾,箕,斗,女,虚,危,室,壁,奎,婁,胃,昴
1939,1,2,3,4,5,6,7,8,9,10,11,12,13,14,15,16,17,18,19,20,21,22,23,24,25,26,27,28,29,30,31
1,畢,觜,参,井,鬼,柳,星,張,翼,軫,角,亢,氐,房,心,尾,箕,斗,女,虚,危,室,壁,奎,婁,胃,昴,畢,觜,参,井
2,鬼,柳,星,張,翼,軫,角,亢,氐,房,心,尾,箕,斗,女,虚,危,室,室,壁,奎,婁,胃,昴,畢,觜,参,井
3,鬼,柳,星,張,翼,軫,角,亢,氐,房,心,尾,箕,斗,女,虚,危,室,壁,奎,奎,婁,胃,昴,畢,觜,参,井,鬼,柳,星
4,張,翼,軫,角,亢,氐,房,心,尾,箕,斗,女,虚,危,室,壁,奎,婁,胃,胃,昴,畢,觜,参,井,鬼,柳,星,張,翼 
5,軫,角,亢,氐,房,心,尾,箕,斗,女,虚,危,室,壁,奎,婁,胃,昴,畢,觜,参,井,鬼,柳,星,張,翼,軫,角,亢,氐
6,房,心,尾,箕,斗,女,虚,危,室,壁,奎,婁,胃,昴,畢,觜,参,井,鬼,柳,星,張,翼,軫,角,亢,氐,房,心,尾
7,箕,斗,女,虚,危,室,壁,奎,婁,胃,昴,畢,觜,参,井,鬼,鬼,柳,星,張,翼,軫,角,亢,氐,房,心,尾,箕,斗,女
8,虚,危,室,壁,奎,婁,胃,昴,畢,觜,参,井,鬼,柳,張,翼,軫,角,亢,氐,房,心,尾,箕,斗,女,虚,危,室,壁,奎
9,婁,胃,昴,畢,觜,参,井,鬼,柳,星,張,翼,角,亢,氐,房,心,尾,箕,斗,女,虚,危,室,壁,奎,婁,胃,昴,畢
10,觜,参,井,鬼,柳,星,張,翼,軫,角,亢,氐,氐,房,心,尾,箕,斗,女,虚,危,室,壁,奎,婁,胃,昴,畢,觜,参,井
11,鬼,柳,星,張,翼,軫,角,亢,氐,房,心,尾,箕,斗,女,虚,危,室,壁,奎,婁,胃,昴,畢,觜,参,井,鬼,柳,星
12,張,翼,軫,角,亢,氐,房,心,尾,箕,斗,女,虚,危,室,壁,奎,婁,胃,昴,畢,觜,参,井,鬼,柳,星,張,翼,軫,角
1940,1,2,3,4,5,6,7,8,9,10,11,12,13,14,15,16,17,18,19,20,21,22,23,24,25,26,27,28,29,30,31
1,亢,氐,房,心,尾,箕,斗,女,虚,危,室,壁,奎,婁,胃,昴,畢,觜,参,井,鬼,柳,星,張,翼,軫,角,亢,氐,房,心
2,尾,箕,斗,女,虚,危,室,室,壁,奎,婁,胃,昴,畢,觜,参,井,鬼,柳,星,張,翼,軫,角,亢,氐,房,心,尾
3,箕,斗,女,虚,危,室,壁,奎,奎,婁,胃,昴,畢,觜,参,井,鬼,柳,星,張,翼,軫,角,亢,氐,房,心,尾,箕,斗,女
4,虚,危,室,壁,奎,婁,胃,胃,昴,畢,觜,参,井,鬼,柳,星,張,翼,軫,角,亢,氐,房,心,尾,箕,斗,女,虚,危
5,室,壁,奎,婁,胃,昴,畢,觜,参,井,鬼,柳,星,張,翼,軫,角,亢,氐,房,心,尾,箕,斗,女,虚,危,室,壁,奎,婁
6,胃,昴,畢,觜,参,参,井,鬼,柳,星,張,翼,軫,角,亢,氐,房,心,尾,箕,斗,女,虚,危,室,壁,奎,婁,胃,昴
7,畢,觜,参,井,鬼,柳,星,張,翼,軫,角,亢,氐,房,心,尾,箕,斗,女,虚,危,室,壁,奎,婁,胃,昴,畢,觜,参,井
8,鬼,柳,星,張,翼,軫,角,亢,氐,房,心,尾,箕,斗,女,虚,危,室,壁,奎,婁,胃,昴,畢,觜,参,井,鬼,柳,星,張
9,翼,角,亢,氐,房,心,尾,箕,斗,女,虚,危,室,壁,奎,婁,胃,昴,畢,觜,参,井,鬼,柳,星,張,翼,軫,角,亢
10,氐,房,心,尾,箕,斗,女,虚,危,室,壁,奎,婁,胃,昴,畢,觜,参,井,鬼,柳,星,張,翼,軫,角,亢,氐,房,心,心
11,尾,箕,斗,女,虚,危,室,壁,奎,婁,胃,昴,畢,觜,参,井,鬼,柳,星,張,翼,軫,角,亢,氐,房,心,尾,斗,女
12,虚,危,室,壁,奎,婁,胃,昴,畢,觜,参,井,鬼,柳,星,張,翼,軫,角,亢,氐,房,心,尾,箕,斗,女,虚,虚,危,室
1941,1,2,3,4,5,6,7,8,9,10,11,12,13,14,15,16,17,18,19,20,21,22,23,24,25,26,27,28,29,30,31
1,壁,奎,婁,胃,昴,畢,觜,参,井,鬼,柳,星,張,翼,軫,角,亢,氐,房,心,尾,箕,斗,女,虚,危,室,壁,奎,婁,胃　
2,昴,畢,觜,参,井,鬼,柳,星,張,翼,軫,角,亢,氐,房,心,尾,箕,斗,女,虚,危,室,壁,奎,奎,婁,胃
3,昴,畢,觜,参,井,鬼,柳,星,張,翼,軫,角,亢,氐,房,心,尾,箕,斗,女,虚,危,室,壁,奎,奎,婁,胃,昴,畢,觜
4,参,井,鬼,柳,星,張,翼,軫,角,亢,氐,房,心,尾,箕,斗,女,虚,危,室,壁,奎,婁,胃,昴,畢,觜,参,井,鬼
5,柳,星,張,翼,軫,角,亢,氐,房,心,尾,箕,斗,女,虚,危,室,壁,奎,婁,胃,昴,畢,觜,参,参,井,鬼,柳,星,張
6,翼,軫,角,亢,氐,房,心,尾,箕,斗,女,虚,危,室,壁,奎,婁,胃,昴,畢,觜,参,井,鬼,参,井,鬼,柳,星,張
7,翼,軫,角,亢,氐,房,心,尾,箕,斗,女,虚,危,室,壁,奎,婁,胃,昴,畢,觜,参,井,鬼,柳,星,張,翼,軫,角,亢
8,氐,房,心,尾,箕,斗,女,虚,危,室,壁,奎,婁,胃,昴,畢,觜,参,井,鬼,柳,星,張,翼,軫,角,亢,氐,房,心,尾
9,箕,斗,女,虚,危,室,壁,奎,婁,胃,昴,畢,觜,参,井,鬼,柳,星,張,翼,角,亢,氐,房,心,尾,箕,斗,女,虚
10,危,室,壁,奎,婁,胃,昴,畢,觜,参,井,鬼,柳,星,張,翼,軫,角,亢,氐,房,心,尾,箕,斗,女,虚,危,室,壁,奎　　
11,婁,胃,昴,畢,觜,参,井,鬼,柳,星,張,翼,軫,角,亢,氐,房,心,心,尾,箕,斗,女,虚,危,室,壁,奎,婁,胃
12,昴,畢,觜,参,井,鬼,柳,星,張,翼,軫,角,亢,氐,房,心,尾,斗,女,虚,危,室,壁,奎,婁,胃,昴,畢,觜,参,井
1942,1,2,3,4,5,6,7,8,9,10,11,12,13,14,15,16,17,18,19,20,21,22,23,24,25,26,27,28,29,30,31
1,鬼,柳,星,張,翼,軫,角,亢,氐,房,心,尾,箕,斗,女,虚,虚,危,室,壁,奎,婁,胃,昴,畢,觜,参,井,鬼,柳,星
2,張,翼,軫,角,亢,氐,房,心,尾,箕,斗,女,虚,危,室,壁,奎,婁,胃,昴,畢,觜,参,井,鬼,柳,星,張
3,翼,軫,角,亢,氐,昴,心,尾,箕,斗,女,虚,危,室,壁,奎,奎,婁,胃,昴,畢,觜,参,井,鬼,柳,星,張,翼,軫,角
4,亢,氐,房,心,尾,箕,斗,女,虚,危,室,壁,奎,婁,胃,昴,畢,觜,参,井,鬼,柳,星,張,翼,軫,角,亢,氐,房
5,心,尾,箕,斗,女,虚,危,室,壁,奎,婁,胃,昴,畢,畢,觜,参,井,鬼,柳,星,張,翼,軫,角,亢,氐,房,心,尾,箕
6,斗,女,虚,危,室,壁,奎,婁,胃,昴,畢,觜,参,参,井,鬼,柳,星,張,翼,軫,角,亢,氐,房,心,尾,箕,斗,女
7,虚,危,室,壁,奎,婁,胃,昴,畢,觜,参,井,鬼,柳,星,張,翼,軫,角,亢,氐,房,心,尾,箕,斗,女,虚,危,室,壁
8,奎,婁,胃,昴,畢,觜,参,井,鬼,柳,星,張,翼,軫,角,亢,氐,房,心,尾,箕,斗,女,虚,危,室,壁,奎,婁,胃,昴
9,畢,觜,参,井,鬼,柳,星,張,翼,軫,角,亢,氐,房,心,尾,箕,斗,女,虚,危,室,壁,奎,婁,胃,昴,畢,觜,参
10,井,鬼,柳,星,張,翼,軫,角,亢,氐,房,心,尾,箕,斗,女,虚,危,室,壁,奎,婁,胃,昴,畢,觜,参,井,鬼,柳,星
11,張,翼,軫,角,亢,氐,房,心,心,尾,箕,斗,女,虚,危,室,壁,奎,婁,胃,昴,畢,觜,参,井,鬼,柳,星,張,翼
12,軫,角,亢,氐,房,心,尾,斗,女,虚,危,室,壁,奎,婁,胃,昴,畢,觜,参,井,鬼,柳,星,張,翼,軫,角,亢,氐,房
1943,1,2,3,4,5,6,7,8,9,10,11,12,13,14,15,16,17,18,19,20,21,22,23,24,25,26,27,28,29,30,31
1,心,尾,箕,斗,女,虚,危,室,壁,奎,婁,胃,昴,畢,觜,参,井,鬼,柳,星,張,翼,軫,角,亢,氐,房,心,尾,箕,斗
2,女,虚,危,室,室,壁,奎,婁,胃,昴,畢,觜,参,井,鬼,柳,星,張,翼,軫,角,亢,氐,房,心,尾,箕,斗
3,女,虚,危,室,壁,奎,婁,胃,昴,畢,觜,参,井,鬼,柳,星,張,翼,軫,角,亢,氐,房,心,尾,箕,斗,女,虚,危,室
4,壁,奎,婁,胃,胃,昴,畢,觜,参,井,鬼,柳,星,張,翼,軫,角,亢,氐,房,心,尾,箕,斗,女,虚,危,室,壁,奎
5,婁,胃,昴,畢,觜,参,井,鬼,柳,星,張,翼,軫,角,亢,氐,房,心,尾,箕,斗,女,虚,危,室,壁,奎,婁,胃,昴,畢
6,觜,参,参,井,鬼,柳,星,張,翼,軫,角,亢,氐,房,心,尾,箕,斗,女,虚,危,室,壁,奎,婁,胃,昴,畢,觜,参
7,井,鬼,柳,星,張,翼,軫,角,亢,氐,房,心,尾,箕,斗,女,虚,危,室,壁,奎,婁,胃,昴,畢,觜,参,井,鬼,柳,星
8,張,翼,軫,角,亢,氐,房,心,尾,箕,斗,女,虚,危,室,壁,奎,婁,胃,昴,畢,觜,参,井,鬼,柳,星,張,翼,軫,角
9,亢,氐,房,心,尾,箕,斗,女,虚,危,室,壁,奎,婁,胃,昴,畢,觜,参,井,鬼,柳,星,張,翼,軫,角,亢,氐,房　
10,心,尾,箕,斗,女,虚,危,室,壁,奎,婁,胃,昴,畢,觜,参,井,鬼,柳,星,張,翼,軫,角,亢,氐,房,心,心,尾,箕
11,斗,女,虚,危,室,壁,奎,婁,胃,昴,畢,觜,参,井,鬼,柳,星,張,翼,軫,角,亢,氐,房,心,尾,箕,斗,女,虚
12,危,室,壁,奎,婁,胃,昴,畢,觜,参,井,鬼,柳,星,張,翼,軫,角,亢,氐,房,心,尾,箕,斗,女,虚,危,室,壁,奎
1944,1,2,3,4,5,6,7,8,9,10,11,12,13,14,15,16,17,18,19,20,21,22,23,24,25,26,27,28,29,30,31
1,婁,胃,昴,畢,觜,参,井,鬼,柳,星,張,翼,軫,角,亢,氐,房,心,尾,箕,斗,女,虚,危,室,室,壁,奎,婁,胃,昴
2,畢,觜,参,井,鬼,柳,星,張,翼,軫,角,亢,氐,房,心,尾,箕,斗,女,虚,危,室,壁,奎,婁,胃,昴,畢,觜
3,参,井,鬼,柳,星,張,翼,軫,角,亢,氐,房,心,尾,箕,斗,女,虚,危,室,壁,奎,婁,胃,昴,畢,觜,参,井,鬼,柳
4,星,張,翼,軫,角,亢,氐,房,心,尾,箕,斗,女,虚,危,室,壁,奎,婁,胃,昴,畢,畢,觜,参,井,鬼,柳,星,張,
5,翼,軫,角,亢,氐,房,心,尾,箕,斗,女,虚,危,室,壁,奎,婁,胃,昴,畢,觜,畢,觜,参,井,鬼,柳,星,張,翼,軫
6,角,亢,氐,房,心,尾,箕,斗,女,虚,危,室,壁,奎,婁,胃,昴,畢,觜,参,参,井,鬼,柳,星,張,翼,軫,角,亢
7,氐,房,心,尾,箕,斗,女,虚,危,室,壁,奎,婁,胃,昴,畢,觜,参,井,鬼,柳,星,張,翼,軫,角,亢,氐,房,心,尾
8,箕,斗,女,虚,危,室,壁,奎,婁,胃,昴,畢,觜,参,井,鬼,柳,星,張,翼,軫,角,亢,氐,房,心,尾,箕,斗,女,虚
9,危,室,壁,奎,婁,胃,昴,畢,觜,参,井,鬼,柳,星,張,翼,角,亢,氐,房,心,尾,箕,斗,女,虚,危,室,壁,奎,
10,婁,胃,昴,畢,觜,参,井,鬼,柳,星,張,翼,軫,角,亢,氐,氐,房,心,尾,箕,斗,女,虚,危,室,壁,奎,婁,胃,昴
11,畢,觜,参,井,鬼,柳,星,張,翼,軫,角,亢氐,房,心,心,尾,箕,斗,女,虚,危,室,壁,奎,婁,胃,昴,畢,觜,
12,参,井,鬼,柳,星,張,翼,軫,角,亢,氐,房,心,尾,斗,女,虚,危,室,壁,奎,婁,胃,昴,畢,觜,参,井,鬼,柳,星
1945,1,2,3,4,5,6,7,8,9,10,11,12,13,14,15,16,17,18,19,20,21,22,23,24,25,26,27,28,29,30,31
1,張,翼,軫,角,亢,氐,房,心,尾,箕,斗,女,虚,虚,危,室,壁,奎,婁,胃,昴,畢,觜,参,井,鬼,柳,星,張,翼,軫
2,角,亢,氐,房,心,尾,箕,斗,女,虚,危,室,室,壁,奎,婁,胃,昴,畢,觜,参,井,鬼,柳,星,張,翼,軫 
3,角,亢,氐,房,心,尾,箕,斗,女,虚,危,室,壁,奎,婁,胃,昴,畢,觜,参,井,鬼,柳,星,張,翼,軫,角,亢,氐,房 
4,心,尾,箕,斗,女,虚,危,室,壁,奎,婁,胃,昴,畢,觜,参,井,鬼,柳,星,張,翼,軫,角,亢,氐,房,心,尾,箕
5,斗,女,虚,危,室,壁,奎,婁,胃,昴,畢,畢,觜,参,井,鬼,柳,星,張,翼,軫,角,亢,氐,房,心,尾,箕,斗,女,虚
6,危,室,壁,奎,婁,胃,昴,畢,觜,参,井,鬼,柳,星,張,翼,軫,角,亢,氐,房,心,尾,箕,斗,女,虚,危,室,壁
7,奎,婁,胃,昴,畢,觜,参,井,鬼,柳,星,張,翼,軫,角,亢,氐,房,心,尾,箕,斗,女,虚,危,室,壁,奎,婁,胃,昴
8,畢,觜,参,井,鬼,柳,星,張,翼,軫,角,亢,氐,房,心,尾,箕,斗,女,虚,危,室,壁,奎,婁,胃,昴,畢,觜,参,井
9,鬼,柳,星,張,翼,角,亢,氐,房,心,尾,箕,斗,女,虚,危,室,壁,奎,婁,胃,昴,畢,觜,参,井,鬼,柳,星,張
10,翼,軫,角,亢,氐,氐,房,心,尾,箕,斗,女,虚,危,室,壁,奎,婁,胃,昴,畢,觜,参,井,鬼,柳,星,張,翼,軫,角
11,亢,氐,房,心,心,尾,箕,斗,女,虚,危,室,壁,奎,婁,胃,昴,畢,觜,参,井,鬼,柳,星,張,翼,軫,角,亢,氐
12,房,心,尾,箕,斗,女,虚,危,室,壁,奎,婁,胃,昴,畢,觜,参,井,鬼,柳,星,張,翼,軫,角,亢,氐,房,心,尾,箕
1946,1,2,3,4,5,6,7,8,9,10,11,12,13,14,15,16,17,18,19,20,21,22,23,24,25,26,27,28,29,30,31
1,斗,女,虚,危,室,壁,奎,婁,胃,昴,畢,觜,参,井,鬼,柳,星,張,翼,軫,角,亢,氐,房,心,尾,箕,斗,女,虚,危
2,室,室,壁,奎,婁,胃,昴,畢,觜,参,井,鬼,柳,星,張,翼,軫,角,亢,氐,房,心,尾,箕,斗,女,虚,危
3,室,壁,奎,奎,婁,胃,昴,畢,觜,参,井,鬼,柳,星,張,翼,軫,角,亢,氐,房,心,尾,箕,斗,女,虚,危,室,壁,奎
4,婁,胃,昴,畢,觜,参,井,鬼,柳,星,張,翼,軫,角,亢,氐,房,心,尾,箕,斗,女,虚,危,室,壁,奎,婁,胃,昴
5,畢,觜,参,井,鬼,柳,星,張,翼,軫,角,亢,氐,房,心,尾,箕,斗,女,虚,危,室,壁,奎,婁,胃,昴,畢,觜,参,参
6,井,鬼,柳,星,張,翼,軫,角,亢,氐,房,心,尾,箕,斗,女,虚,危,室,壁,奎,婁,胃,昴,畢,觜,参,井,鬼,柳
7,星,張,翼,軫,角,亢,氐,房,心,尾,箕,斗,女,虚,危,室,壁,奎,婁,胃,昴,畢,觜,参,井,鬼,柳,張,翼,軫,角
8,亢,氐,房,心,尾,箕,斗,女,虚,危,室,壁,奎,婁,胃,昴,畢,觜,参,井,鬼,柳,星,張,翼,軫,角,亢,氐,房,心
9,尾,箕,斗,女,虚,危,室,壁,奎,婁,胃,昴,畢,觜,参,井,鬼,柳,星,張,翼,軫,角,亢,氐,房,心,尾,箕,斗
10女,虚,危,室,壁,奎,婁,胃,昴,畢,觜,参,井,鬼,柳,星,張,翼,軫,角,亢,氐,房,心,心,尾,箕,斗,女,虚,危
11,室,壁,奎,婁,胃,昴,畢,觜,参,井,鬼,柳,星,張,翼,軫,角,亢,氐,房,心,尾,箕,斗,女,虚,危,室,壁,奎
12,婁,胃,昴,畢,觜,参,井,鬼,柳,星,張,翼,軫,角,亢,氐,房,心,尾,箕,斗,女,虚,危,室,壁,奎,婁,胃,昴,畢
1947,1,2,3,4,5,6,7,8,9,10,11,12,13,14,15,16,17,18,19,20,21,22,23,24,25,26,27,28,29,30,31
1,觜,参,井,鬼,柳,星,張,翼,軫,角,亢,氐,房,心,尾,箕,斗,女,虚,危,室,室,壁,奎,婁,胃,昴,畢,觜,参,井
2,鬼,柳,星,張,翼,軫,角,亢,氐,房,心,尾,箕,斗,女,虚,危,室,壁,奎,奎,婁,胃,昴,畢,觜,参,井
3,鬼,柳,星,張,翼,軫,角,亢,氐,房,心,尾,箕,斗,女,虚,危,室,壁,奎,婁,胃,奎,婁,胃,昴,畢,觜,参,井,鬼
4,柳,星,張,翼,軫,角,亢,氐,房,心,尾,箕,斗,女,虚,危,室,壁,奎,婁,胃,昴,畢,觜,参,井,鬼,柳,星,張
5,翼,軫,角,亢,氐,房,心,尾,箕,斗,女,虚,危,室,壁,奎,婁,胃,昴,畢,觜,参,井,鬼,柳,星,張,翼,軫,角,亢
6,氐,房,心,尾,箕,斗,女,虚,危,室,壁,奎,婁,胃,昴,畢,觜,参,参,井,鬼,柳,星,張,翼,軫,角,亢,氐,房
7,心,尾,箕,斗,女,虚,危,室,壁,奎,婁,胃,昴,畢,觜,参,井,鬼,柳,星,張,翼,軫,角,亢,氐,房,心,尾,箕,斗
8,女,虚,危,室,壁,奎,婁,胃,昴,畢,觜,参,井,鬼,柳,張,翼,軫,角,亢,氐,房,心,尾,箕,斗,女,虚,危,室,壁
9,奎,婁,胃,昴,畢,觜,参,井,鬼,柳,星,張,翼,軫,角,亢,氐,房,心,尾,箕,斗,女,虚,危,室,壁,奎,婁,胃
10,昴,畢,觜,参,井,鬼,柳,星,張,翼,軫,角,亢,氐,房,心,尾,箕,斗,女,虚,危,室,壁,奎,婁,胃,昴,畢,觜,参
11,井,鬼,柳,星,張,翼,軫,角,亢,氐,房,心,心,尾,箕,斗,女,虚,危,室,壁,奎,婁,胃,昴,畢,觜,参,井,鬼
12,柳,星,張,翼,軫,角,亢,氐,房,心,尾,斗,女,虚,危,室,壁,奎,婁,胃,昴,畢,觜,参,井,鬼,柳,星,張,翼,軫
1948,1,2,3,4,5,6,7,8,9,10,11,12,13,14,15,16,17,18,19,20,21,22,23,24,25,26,27,28,29,30,31
1,角,亢,氐,房,心,尾,箕,斗,女,虚,虚,危,室,壁,奎,婁,胃,昴,畢,觜,参,井,鬼,柳,星,張,翼,軫,角,亢,氐
2,房,心,尾,箕,斗,女,虚,危,室,室,壁,奎,婁,胃,昴,畢,觜,参,井,鬼,柳,星,張,翼,軫,角,亢,氐,房　
3,心,尾,箕,斗,女,虚,危,室,壁,奎,奎,婁,胃,昴,畢,觜,参,井,鬼,柳,星,張,翼,軫,角,亢,氐,房,心,尾,箕　
4,斗,女,虚,危,室,壁,奎,婁,胃,昴,畢,觜,参,井,鬼,柳,星,張,翼,軫,角,亢,氐,房,心,尾,箕,斗,女,虚　
5,危,室,壁,奎,婁,胃,昴,畢,畢,觜,参,井,鬼,柳,星,張,翼,軫,角,亢,氐,房,心,尾,箕,斗,女,虚,危,室,壁
6,奎,婁,胃,昴,畢,觜,参,井,鬼,柳,星,張,翼,軫,角,亢,氐,房,心,尾,箕,斗,女,虚,危,室,壁,奎,婁,胃
7,昴,畢,觜,参,井,鬼,鬼,柳,星,張,翼,軫,角,亢,氐,房,心,尾,箕,斗,女,虚,危,室,壁,奎,婁,胃,昴,畢,觜
8,参,井,鬼,柳,張,翼,軫,角,亢,氐,房,心,尾,箕,斗,女,虚,危,室,壁,奎,婁,胃,昴,畢,觜,参,井,鬼,柳,星
9,張,翼,角,亢,氐,房,心,尾,箕,斗,女,虚,危,室,壁,奎,婁,胃,昴,畢,觜,参,井,鬼,柳,星,張,翼,軫,角
10,亢,氐,氐,房,心,尾,箕,斗,女,虚,危,室,壁,奎,婁,胃,昴,畢,觜,参,井,鬼,柳,星,張,翼,軫,角,亢,氐,房
11,心,尾,箕,斗,女,虚,危,室,壁,奎,婁,胃,昴,畢,觜,参,井,鬼,柳,星,張,翼,軫,角,亢,氐,房,心,尾,箕
12,斗,女,虚,危,室,壁,奎,婁,胃,昴,畢,觜,参,井,鬼,柳,星,張,翼,軫,角,亢,氐,房,心,尾,箕,斗,女,虚,危
1949,1,2,3,4,5,6,7,8,9,10,11,12,13,14,15,16,17,18,19,20,21,22,23,24,25,26,27,28,29,30,31
1,室,壁,奎,婁,胃,昴,畢,觜,参,井,鬼,柳,星,張,翼,軫,角,亢,氐,房,心,尾,箕,斗,女,虚,危,室,室,壁,奎
2,婁,胃,昴,畢,觜,参,井,鬼,柳,星,張,翼,軫,角,亢,氐,房,心,尾,箕,斗,女,虚,危,室,壁,奎,奎
3,婁,胃,昴,畢,觜,参,井,鬼,柳,星,張,翼,軫,角,亢,氐,房,心,尾,箕,斗,女,虚,危,室,壁,奎,婁,胃,胃,昴
4,畢,觜,参,井,鬼,柳,星,張,翼,軫,角,亢,氐,房,心,尾,箕,斗,女,虚,危,室,壁,奎,婁,胃,昴,畢,觜,参
5,井,鬼,柳,星,張,翼,軫,角,亢,氐,房,心,尾,箕,斗,女,虚,危,室,壁,奎,婁,胃,昴,畢,觜,参,参,井,鬼,柳
6,星,張,翼,軫,角,亢,氐,房,心,尾,箕,斗,女,虚,危,室,壁,奎,婁,胃,昴,畢,觜,参,井,鬼,柳,星,張,翼
7,軫,角,亢,氐,房,心,尾,箕,斗,女,虚,危,室,壁,奎,婁,胃,昴,畢,觜,参,井,鬼,柳,星,張,翼,軫,角,亢,氐
8,房,心,尾,箕,斗,女,虚,危,室,壁,奎,婁,胃,昴,畢,觜,参,井,鬼,柳,星,張,翼,張,翼,軫,角,亢,氐,房,心
9,尾,箕,斗,女,虚,危,室,壁,奎,婁,胃,昴,畢,觜,参,井,鬼,柳,星,張,翼,角,亢,氐,房,心,尾,箕,斗,女
10,虚,危,室,壁,奎,婁,胃,昴,畢,觜,参,井,鬼,柳,星,張,翼,軫,角,亢,氐,氐,房,心,尾,箕,斗,女,虚,危,室
11,壁,奎,婁,胃,昴,畢,觜,参,井,鬼,柳,星,張,翼,軫,角,亢,氐,氐,房,心,尾,箕,斗,女,虚,危,室,壁,奎,婁
12,胃,昴,畢,觜,参,井,鬼,柳,星,張,翼,軫,角,亢,氐,房,心,尾,箕,斗,女,虚,危,室,壁,奎,婁,胃,昴,畢,觜
1950,1,2,3,4,5,6,7,8,9,10,11,12,13,14,15,16,17,18,19,20,21,22,23,24,25,26,27,28,29,30,31
1,参,井,鬼,柳,星,張,翼,軫,角,亢,氐,房,心,尾,箕,斗,女,虚,危,室,壁,奎,婁,胃,昴,畢,觜,参,井,鬼,柳
2,星,張,翼,軫,角,亢,氐,房,心,尾,箕,斗,女,虚,危,室,室,壁,奎,婁,胃,昴,畢,觜,参,井,鬼,柳
3,星,張,翼,軫,角,亢,氐,房,心,尾,箕,斗,女,虚,危,室,壁,奎,奎,婁,胃,昴,畢,觜,参,井,鬼,柳,星,張,翼
4,軫,角,亢,氐,房,心,尾,箕,斗,女,虚,危,室,壁,奎,婁,胃,昴,畢,觜,参,井,鬼,柳,星,張,翼,軫,角,亢
5,氐,房,心,尾,箕,斗,女,虚,危,室,壁,奎,婁,胃,昴,畢,畢,觜,参,井,鬼,柳,星,張,翼,軫,角,亢,氐,房,心,
6,尾,箕,斗,女,虚,危,室,壁,奎,婁,胃,昴,畢,觜,参,参,井,鬼,柳,星,張,翼,軫,角,亢,氐,房,心,尾,箕
7,斗,女,虚,危,室,壁,奎,婁,胃,昴,畢,觜,参,井,鬼,柳,星,張,翼,軫,角,亢,氐,房,心,尾,箕,斗,女,虚,危
8,室,壁,奎,婁,胃,昴,畢,觜,参,井,鬼,柳,星,張,翼,軫,角,亢,氐,房,心,尾,箕,斗,女,虚,危,室,壁,奎,婁
9,胃,昴,畢,觜,参,井,鬼,柳,星,張,翼,角,亢,氐,房,心,尾,箕,斗,女,虚,危,室,壁,奎,婁,胃,昴,畢,觜
10,参,井,鬼,柳,星,張,翼,軫,角,亢,氐,房,心,尾,箕,斗,女,虚,危,室,壁,奎,婁,胃,昴,畢,觜,参,井,鬼,柳
11,星,張,翼,軫,角,亢,氐,房,心,心,尾,箕,斗,女,虚,危,室,壁,奎,婁,胃,昴,畢,觜,参,井,鬼,柳,星,張
12,翼,軫,角,亢,氐,房,心,尾,斗,女,虚,危,室,壁,奎,婁,胃,昴,畢,觜,参,井,鬼,柳,星,張,翼,軫,角,亢,氐
1951,1,2,3,4,5,6,7,8,9,10,11,12,13,14,15,16,17,18,19,20,21,22,23,24,25,26,27,28,29,30,31
1,房,心,尾,箕,斗,女,虚,虚,危,室,壁,奎,婁,胃,昴,畢,觜,参,井,鬼,柳,星,張,翼,軫,角,亢,氐,房,心,尾
2,箕,斗,女,虚,危,室,壁,奎,婁,胃,昴,畢,觜,参,井,鬼,柳,星,張,翼,軫,角,亢,氐,房,心,尾,箕
3,斗,女,虚,危,室,壁,奎,奎,婁,胃,昴,畢,觜,参,井,鬼,柳,星,張,翼,軫,角,亢,氐,房,心,尾,箕,斗,女,虚
4,危,室,壁,奎,婁,胃,昴,畢,觜,参,井,鬼,柳,星,張,翼,軫,角,亢,氐,房,心,尾,箕,斗,女,虚,危,室,壁
5,奎,婁,胃,昴,畢,畢,觜,参,井,鬼,柳,星,張,翼,軫,角,亢,氐,房,心,尾,箕,斗,女,虚,危,室,壁,奎,婁,胃
6,昴,畢,觜,参,参,井,鬼,柳,星,張,翼,軫,角,亢,氐,房,心,尾,箕,斗,女,虚,危,室,壁,奎,婁,胃,昴,畢
7,觜,参,井,鬼,柳,星,張,翼,軫,角,亢,氐,房,心,尾,箕,斗,女,虚,危,室,壁,奎,婁,胃,昴,畢,觜,参,井,鬼
8,柳,星,張,翼,軫,角,亢,氐,房,心,尾,箕,斗,女,虚,危,室,壁,奎,婁,胃,昴,畢,觜,参,井,鬼,柳,星,張,翼
9,角,亢,氐,房,心,尾,箕,斗,女,虚,危,室,壁,奎,婁,胃,昴,畢,觜,参,井,鬼,柳,星,張,翼,軫,角,亢,氐
10,氐,房,心,尾,箕,斗,女,虚,危,室,壁,奎,婁,胃,昴,畢,觜,参,井,鬼,柳,星,張,翼,軫,角,亢,氐,房,心,尾
11,箕,斗,女,虚,危,室,壁,奎,婁,胃,昴,畢,觜,参,井,鬼,柳,星,張,翼,軫,角,亢,氐,房,心,尾,箕,斗,女
12,虚,危,室,壁,奎,婁,胃,昴,畢,觜,参,井,鬼,柳,星,張,翼,軫,角,亢,氐,房,心,尾,箕,斗,女,虚,危,室,壁
1952,1,2,3,4,5,6,7,8,9,10,11,12,13,14,15,16,17,18,19,20,21,22,23,24,25,26,27,28,29,30,31
1,奎,婁,胃,昴,畢,觜,参,井,鬼,柳,星,張,翼,軫,角,亢,氐,房,心,尾,箕,斗,女,虚,危,室,室,壁,奎,婁,胃
2,昴,畢,觜,参,井,鬼,柳,星,張,翼,軫,角,亢,氐,房,心,尾,箕,斗,女,虚,危,室,壁,奎,婁,胃,昴,畢
3,觜,参,井,鬼,柳,星,張,翼,軫,角,亢,氐,房,心,尾,箕,斗,女,虚,危,室,壁,奎,婁,胃,胃,昴,畢,觜,参,井
4,鬼,柳,星,張,翼,軫,角,亢,氐,房,心,尾,箕,斗,女,虚,危,室,壁,奎,婁,胃,昴,畢,觜,参,井,鬼,柳,星
5,張,翼,軫,角,亢,氐,房,心,尾,箕,斗,女,虚,危,室,壁,奎,婁,胃,昴,畢,觜,参,参,井,鬼,柳,星,張,翼,軫
6,角,亢,氐,房,心,尾,箕,斗,女,虚,危,室,壁,奎,婁,胃,昴,畢,觜,参,井,参,井,鬼,柳,星,張,翼,軫,角
7,亢,氐,房,心,尾,箕,斗,女,虚,危,室,壁,奎,婁,胃,昴,畢,觜,参,井,鬼,鬼,柳,星,張,翼,軫,角,亢,氐,房
8,心,尾,箕,斗,女,虚,危,室,壁,奎,婁,胃,昴,畢,觜,参,井,鬼,柳,星,張,翼,軫,角,亢,氐,房,心,尾,箕,斗
9,女,虚,危,室,壁,奎,婁,胃,昴,畢,觜,参,井,鬼,柳,星,張,翼,角,亢,氐,房,心,尾,箕,斗,女,虚,危,室
10,壁,奎,婁,胃,昴,畢,觜,参,井,鬼,柳,星,張,翼,軫,角,亢,氐,氐,房,心,尾,箕,斗,女,虚,危,室,壁,奎,婁
11,胃,昴,畢,觜,参,井,鬼,柳,星,張,翼,軫,角,亢,氐,房,心,尾,箕,斗,女,虚,危,室,壁,奎,婁,胃,昴,畢
12,觜,参,井,鬼,柳,星,張,翼,軫,角,亢,氐,房,心,尾,箕,斗,女,虚,危,室,壁,奎,婁,胃,昴,畢,觜,参,井,鬼
1953,1,2,3,4,5,6,7,8,9,10,11,12,13,14,15,16,17,18,19,20,21,22,23,24,25,26,27,28,29,30,31
1,柳,星,張,翼,軫,角,亢,氐,房,心,尾,箕,斗,女,虚,危,室,壁,奎,婁,胃,昴,畢,觜,参,井,鬼,柳,星,張,翼
2,軫,角,亢,氐,房,心,尾,箕,斗,女,虚,危,室,室,壁,奎,婁,胃,昴,畢,觜,参,井,鬼,柳,星,張,翼
3,軫,角,亢,氐,房,心,尾,箕,斗,女,虚,危,室,壁,奎,婁,胃,昴,畢,觜,参,井,鬼,柳,星,張,翼,軫,角,亢,氐 
4,房,心,尾,箕,斗,女,虚,危,室,壁,奎,婁,胃,胃,昴,畢,觜,参,井,鬼,柳,星,張,翼,軫,角,亢,氐,房,心 
5,尾,箕,斗,女,虚,危,室,壁,奎,婁,胃,昴,畢,觜,参,井,鬼,柳,星,張,翼,軫,角,亢,氐,房,心,尾,箕,斗,女
6,虚,危,室,壁,奎,婁,胃,昴,畢,觜,参,井,鬼,柳,星,張,翼,軫,角,亢,氐,房,心,尾,箕,斗,女,虚,危,室
7,壁,奎,婁,胃,昴,畢,觜,参,井,鬼,鬼,柳,星,張,翼,軫,角,亢,氐,房,心,尾,箕,斗,女,虚,危,室,壁,奎,婁
8,胃,昴,畢,觜,参,井,鬼,柳,星,張,翼,軫,角,亢,氐,房,心,尾,箕,斗,女,虚,危,室,壁,奎,婁,胃,昴,畢,觜
9,参,井,鬼,柳,星,張,翼,角,亢,氐,房,心,尾,箕,斗,女,虚,危,室,壁,奎,婁,胃,昴,畢,觜,参,井,鬼,柳
10,星,張,翼,軫,角,亢,氐,氐,房,心,尾,箕,斗,女,虚,危,室,壁,奎,婁,胃,昴,畢,觜,参,井,鬼,柳,星,張,翼
11,軫,角,亢,氐,房,心,心,尾,箕,斗,女,虚,危,室,壁,奎,婁,胃,昴,畢,觜,参,井,鬼,柳,星,張,翼,軫,角
12,亢,氐,房,心,尾,斗,女,虚,危,室,壁,奎,婁,胃,昴,畢,觜,参,井,鬼,柳,星,張,翼,軫,角,亢,氐,房,心,尾
1954,1,2,3,4,5,6,7,8,9,10,11,12,13,14,15,16,17,18,19,20,21,22,23,24,25,26,27,28,29,30,31
1,箕,斗,女,虚,虚,危,室,壁,奎,婁,胃,昴,畢,觜,参,井,鬼,柳,星,張,翼,軫,角,亢,氐,房,心,尾,箕,斗,女
2,虚,危,室,室,壁,奎,婁,胃,昴,畢,觜,参,井,鬼,柳,星,張,翼,軫,角,亢,氐,房,心,尾,箕,斗,女
3,虚,危,室,壁,奎,婁,胃,昴,畢,觜,参,井,鬼,柳,星,張,翼,軫,角,亢,氐,房,心,尾,箕,斗,女,虚,危,室,壁
4,奎,婁,胃,昴,畢,觜,参,井,鬼,柳,星,張,翼,軫,角,亢,氐,房,心,尾,箕,斗,女,虚,危,室,壁,奎,婁,胃
5,昴,畢,畢,觜,参,井,鬼,柳,星,張,翼,軫,角,亢,氐,房,心,尾,箕,斗,女,虚,危,室,壁,奎,婁,胃,昴,畢,觜
6,参,井,鬼,柳,星,張,翼,軫,角,亢,氐,房,心,尾,箕,斗,女,虚,危,室,壁,奎,婁,胃,昴,畢,觜,参,井,鬼
7,柳,星,張,翼,軫,角,亢,氐,房,心,尾,箕,斗,女,虚,危,室,壁,奎,婁,胃,昴,畢,觜,参,井,鬼,柳,星,張,翼
8,軫,角,亢,氐,房,心,尾,箕,斗,女,虚,危,室,壁,奎,婁,胃,昴,畢,觜,参,井,鬼,柳,星,張,翼,角,亢,氐,房
9,心,尾,箕,斗,女,虚,危,室,壁,奎,婁,胃,昴,畢,觜,参,井,鬼,柳,星,張,翼,軫,角,亢,氐,氐,房,心,尾
10,箕,斗,女,虚,危,室,壁,奎,婁,胃,昴,畢,觜,参,井,鬼,柳,星,張,翼,軫,角,亢,氐,氐,心,心,尾,箕,斗,女
11,虚,危,室,壁,奎,婁,胃,昴,畢,觜,参,井,鬼,柳,星,張,翼,軫,角,亢,氐,心,尾,箕,斗,女,虚,危,室,壁
12,奎,婁,胃,昴,畢,觜,参,井,鬼,柳,星,張,翼,軫,角,亢,氐,房,心,尾,箕,斗,女,虚,虚,危,室,壁,奎,婁,胃
1955,1,2,3,4,5,6,7,8,9,10,11,12,13,14,15,16,17,18,19,20,21,22,23,24,25,26,27,28,29,30,31
1,昴,畢,觜,参,井,鬼,柳,星,張,翼,軫,角,亢,氐,房,心,尾,箕,斗,女,虚,危,室,室,壁,奎,婁,胃,昴,畢,觜
2,参,井,鬼,柳,星,張,翼,軫,角,亢,氐,房,心,尾,箕,斗,女,虚,危,室,壁,奎,奎,婁,胃,昴,畢,觜
3,参,井,鬼,柳,星,張,翼,軫,角,亢,氐,房,心,尾,箕,斗,女,虚,危,室,壁,奎,婁,胃,昴,畢,觜,参,井,鬼,柳
4,星,張,翼,軫,角,亢,氐,房,心,尾,箕,斗,女,虚,危,室,壁,奎,婁,胃,昴,胃,昴,畢,觜,参,井,鬼,柳,星,
5,張,翼,軫,角,亢,氐,房,心,尾,箕,斗,女,虚,危,室,壁,奎,婁,胃,昴,畢,畢,觜,参,井,鬼,柳,星,張,翼,軫
6,角,亢,氐,房,心,尾,箕,斗,女,虚,危,室,壁,奎,婁,胃,昴,畢,觜,参,井,鬼,柳,星,張,翼,軫,角,亢,氐
7,房,心,尾,箕,斗,女,虚,危,室,壁,奎,婁,胃,昴,畢,觜,参,井,鬼,柳,星,張,翼,軫,角,亢,氐,房,心,尾,箕
8,斗,女,虚,危,室,壁,奎,婁,胃,昴,畢,觜,参,井,鬼,柳,星,張,翼,軫,角,亢,氐,房,心,尾,箕,斗,女,虚,危
9,室,壁,奎,婁,胃,昴,畢,觜,参,井,鬼,柳,星,張,翼,角,亢,氐,房,心,尾,箕,斗,女,虚,危,室,壁,奎,婁
10,胃,昴,畢,觜,参,井,鬼,柳,星,張,翼,軫,角,亢,氐,氐,房,心,尾,箕,斗,女,虚,危,室,壁,奎,婁,胃,昴,畢
11,觜,参,井,鬼,柳,星,張,翼,軫,角,亢,氐,房,心,尾,箕,斗,女,虚,危,室,壁,奎,婁,胃,昴,畢,觜,参,井
12,鬼,柳,星,張,翼,軫,角,亢,氐,房,心,尾,箕,斗,女,虚,危,室,壁,奎,婁,胃,昴,畢,觜,参,井,鬼,柳,星,張
1956,1,2,3,4,5,6,7,8,9,10,11,12,13,14,15,16,17,18,19,20,21,22,23,24,25,26,27,28,29,30,31
1,翼,軫,角,亢,氐,房,心,尾,箕,斗,女,虚,虚,危,室,壁,奎,婁,胃,昴,畢,觜,参,井,鬼,柳,星,張,翼,軫,角
2,亢,氐,房,心,尾,箕,斗,女,虚,危,室,室,壁,奎,婁,胃,昴,畢,觜,参,井,鬼,柳,星,張,翼,軫,角,亢
3,氐,房,心,尾,箕,斗,女,虚,危,室,壁,奎,婁,胃,昴,畢,觜,参,井,鬼,柳,星,張,翼,軫,角,亢,氐,房,心,尾
4,箕,斗,女,虚,危,室,壁,奎,婁,胃,胃,昴,畢,觜,参,井,鬼,柳,星,張,翼,軫,角,亢,氐,房,心,尾,箕,斗
5,女,虚,危,室,壁,奎,婁,胃,昴,畢,觜,参,井,鬼,柳,星,張,翼,軫,角,亢,氐,房,心,尾,箕,斗,女,虚,危,室
6,壁,奎,婁,胃,昴,畢,觜,参,参,井,鬼,柳,星,張,翼,軫,角,亢,氐,房,心,尾,箕,斗,女,虚,危,室,壁,奎
7,婁,胃,昴,畢,觜,参,井,鬼,柳,星,張,翼,軫,角,亢,氐,房,心,尾,箕,斗,女,虚,危,室,壁,奎,婁,胃,昴,畢
8,觜,参,井,鬼,柳,張,翼,軫,角,亢,氐,房,心,尾,箕,斗,女,虚,危,室,壁,奎,婁,胃,昴,畢,觜,参,井,鬼,柳
9,星,張,翼,軫,角,亢,氐,房,心,尾,箕,斗,女,虚,危,室,壁,奎,婁,胃,昴,畢,觜,参,井,鬼,柳,星,張,翼
10,軫,角,亢,氐,房,心,尾,箕,斗,女,虚,危,室,壁,奎,婁,胃,昴,畢,觜,参,井,鬼,柳,星,張,翼,軫,角,亢,氐
11,房,心,心,尾,箕,斗,女,虚,危,室,壁,奎,婁,胃,昴,畢,觜,参,井,鬼,柳,星,張,翼,軫,角,亢,氐,房,心
12,尾,斗,女,虚,危,室,壁,奎,婁,胃,昴,畢,觜,参,井,鬼,柳,星,張,翼,軫,角,亢,氐,房,心,尾,箕,斗,女,虚
1957,1,2,3,4,5,6,7,8,9,10,11,12,13,14,15,16,17,18,19,20,21,22,23,24,25,26,27,28,29,30,31
1,虚,危,室,壁,奎,婁,胃,昴,畢,觜,参,井,鬼,柳,星,張,翼,軫,角,亢,氐,房,心,尾,箕,斗,女,虚,危,室,室
2,壁,奎,婁,胃,昴,畢,觜,参,井,鬼,柳,星,張,翼,軫,角,亢,氐,房,心,尾,箕,斗,女,虚,危,室,壁,
3,奎,奎,婁,胃,昴,畢,觜,参,井,鬼,柳,星,張,翼,軫,角,亢,氐,房,心,尾,箕,斗,女,虚,危,室,壁,奎,婁,胃
4,昴,畢,觜,参,井,鬼,柳,星,張,翼,軫,角,亢,氐,房,心,尾,箕,斗,女,虚,危,室,壁,奎,婁,胃,昴,畢,畢
5,觜,参,井,鬼,柳,星,張,翼,軫,角,亢,氐,房,心,尾,箕,斗,女,虚,危,室,壁,奎,婁,胃,昴,畢,觜,参,井,鬼
6,柳,星,張,翼,軫,角,亢,氐,房,心,尾,箕,斗,女,虚,危,室,壁,奎,婁,胃,昴,畢,觜,参,井,鬼,鬼,柳,星
7,張,翼,軫,角,亢,氐,房,心,尾,箕,斗,女,虚,危,室,壁,奎,婁,胃,昴,畢,觜,参,井,鬼,柳,張,翼,軫,角,亢
8,氐,房,心,尾,箕,斗,女,虚,危,室,壁,奎,婁,胃,昴,畢,觜,参,井,鬼,柳,星,張,翼,角,亢,氐,房,心,尾,箕
9,斗,女,虚,危,室,壁,奎,婁,胃,昴,畢,觜,参,井,鬼,柳,星,張,翼,軫,角,亢,氐,角,亢,氐,房,心,尾,箕
10,斗,女,虚,危,室,壁,奎,婁,胃,昴,畢,觜,参,井,鬼,柳,星,張,翼,軫,角,亢,氐,房,心,尾,箕,斗,女,虚,危
11,室,壁,奎,婁,胃,昴,畢,觜,参,井,鬼,柳,星,張,翼,軫,角,亢,氐,房,心,心,尾,箕,斗,女,虚,危,室,壁,
12,奎,婁,胃,昴,畢,觜,参,井,鬼,柳,星,張,翼,軫,角,亢,氐,房,心,尾,斗,女,虚,危,室,壁,奎,婁,胃,昴,畢
1958,1,2,3,4,5,6,7,8,9,10,11,12,13,14,15,16,17,18,19,20,21,22,23,24,25,26,27,28,29,30,31
1,觜,参,井,鬼,柳,星,張,翼,軫,角,亢,氐,房,心,尾,箕,斗,女,虚,虚,危,室,壁,奎,婁,胃,昴,畢,觜,参,井
2,鬼,柳,星,張,翼,軫,角,亢,氐,房,心,尾,箕,斗,女,虚,危,室,室,壁,奎,婁,胃,昴,畢,觜,参,井
3,鬼,柳,星,張,翼,軫,角,亢,氐,房,心,尾,箕,斗,女,虚,危,室,壁,奎,婁,胃,昴,畢,觜,参,井,鬼,柳,星,張
4,翼,軫,角,亢,氐,房,心,尾,箕,斗,女,虚,危,室,壁,奎,婁,胃,胃,昴,畢,觜,参,井,鬼,柳,星,張,翼,軫
5,角,亢,氐,房,心,尾,箕,斗,女,虚,危,室,壁,奎,婁,胃,昴,畢,畢,觜,参,井,鬼,柳,星,張,翼,軫,角,亢,氐
6,房,心,尾,箕,斗,女,虚,危,室,壁,奎,婁,胃,昴,畢,觜,参,井,鬼,柳,星,張,翼,軫,角,亢,氐,房,心,尾
7,箕,斗,女,虚,危,室,壁,奎,婁,胃,昴,畢,觜,参,井,鬼,鬼,柳,星,張,翼,軫,角,亢,氐,房,心,尾,箕,斗,女
8,虚,危,室,壁,奎,婁,胃,昴,畢,觜,参,井,鬼,柳,張,翼,軫,角,亢,氐,房,心,尾,箕,斗,女,虚,危,室,壁,奎
9,婁,胃,昴,畢,觜,参,井,鬼,柳,星,張,翼,角,亢,氐,房,心,尾,箕,斗,女,虚,危,室,壁,奎,婁,胃,昴,畢
10,觜,参,井,鬼,柳,星,張,翼,軫,角,亢,氐,氐,房,心,尾,箕,斗,女,虚,危,室,壁,奎,婁,胃,昴,畢,觜,参,井
11,鬼,柳,星,張,翼,軫,角,亢,氐,房,心,尾,箕,斗,女,虚,危,室,壁,奎,婁,胃,昴,畢,觜,参,井,鬼,柳,星
12,張,翼,軫,角,亢,氐,房,心,尾,箕,斗,女,虚,危,室,壁,奎,婁,胃,昴,畢,觜,参,井,鬼,柳,星,張,翼,軫,角
1959,1,2,3,4,5,6,7,8,9,10,11,12,13,14,15,16,17,18,19,20,21,22,23,24,25,26,27,28,29,30,31
1,亢,氐,房,心,尾,箕,斗,女,虚,危,室,壁,奎,婁,胃,昴,畢,觜,参,井,鬼,柳,星,張,翼,軫,角,亢,氐,房,心
2,尾,箕,斗,女,虚,危,室,室,壁,奎,婁,胃,昴,畢,觜,参,井,鬼,柳,星,張,翼,軫,角,亢,氐,房,心
3,尾,箕,斗,女,虚,危,室,壁,奎,婁,胃,昴,畢,觜,参,井,鬼,柳,星,張,翼,軫,角,亢,氐,房,心,尾,箕,斗,女
4,虚,危,室,壁,奎,婁,胃,胃,昴,畢,觜,参,井,鬼,柳,星,張,翼,軫,角,亢,氐,房,心,尾,箕,斗,女,虚,危
5,室,壁,奎,婁,胃,昴,畢,畢,觜,参,井,鬼,柳,星,張,翼,軫,角,亢,氐,房,心,尾,箕,斗,女,虚,危,室,壁,奎
6,婁,胃,昴,畢,觜,参,井,鬼,柳,星,張,翼,軫,角,亢,氐,房,心,尾,箕,斗,女,虚,危,室,壁,奎,婁,胃,昴
7,畢,觜,参,井,鬼,鬼,柳,星,張,翼,軫,角,亢,氐,房,心,尾,箕,斗,女,虚,危,室,壁,奎,婁,胃,昴,畢,觜,参
8,井,鬼,柳,張,翼,軫,角,亢,氐,房,心,尾,箕,斗,女,虚,危,室,壁,奎,婁,胃,昴,畢,觜,参,井,鬼,柳,星,張
9,翼,軫,角,亢,氐,房,心,尾,箕,斗,女,虚,危,室,壁,奎,婁,胃,昴,畢,觜,参,井,鬼,柳,星,張,翼,軫,角
10,亢,氐,房,心,尾,箕,斗,女,虚,危,室,壁,奎,婁,胃,昴,畢,觜,参,井,鬼,柳,星,張,翼,軫,角,亢,氐,房,心
11,心,尾,箕,斗,女,虚,危,室,壁,奎,婁,胃,昴,畢,觜,参,井,鬼,柳,星,張,翼,軫,角,亢,氐,房,心,尾,斗
12,女,虚,危,室,壁,奎,婁,胃,昴,畢,觜,参,井,鬼,柳,星,張,翼,軫,角,亢,氐,房,心,尾,箕,斗,女,虚,虚,危
1960,1,2,3,4,5,6,7,8,9,10,11,12,13,14,15,16,17,18,19,20,21,22,23,24,25,26,27,28,29,30,31
1,室,壁,奎,婁,胃,昴,畢,觜,参,井,鬼,柳,星,張,翼,軫,角,亢,氐,房,心,尾,箕,斗,女,虚,危,室,壁,奎,婁
2,胃,昴,畢,觜,参,井,鬼,柳,星,張,翼,軫,角,亢,氐,房,心,尾,箕,斗,女,虚,危,室,壁,奎,奎,婁,胃
3,昴,畢,觜,参,井,鬼,柳,星,張,翼,軫,角,亢,氐,房,心,尾,箕,斗,女,虚,危,室,壁,奎,婁,胃,昴,畢,觜,参
4,井,鬼,柳,星,張,翼,軫,角,亢,氐,房,心,尾,箕,斗,女,虚,危,室,壁,奎,婁,胃,昴,畢,畢,觜,参,井,鬼
5,柳,星,張,翼,軫,角,亢,氐,房,心,尾,箕,斗,女,虚,危,室,壁,奎,婁,胃,昴,畢,觜,参,井,鬼,柳,星,張,翼
6,軫,角,亢,氐,房,心,尾,箕,斗,女,虚,危,室,壁,奎,婁,胃,昴,畢,觜,参,井,鬼,鬼,柳,星,張,翼,軫,角
7,亢,氐,房,心,尾,箕,斗,女,虚,危,室,壁,奎,婁,胃,昴,畢,觜,参,井,鬼,柳,星,鬼,柳,星,張,翼,軫,角,亢
8,氐,房,心,尾,箕,斗,女,虚,危,室,壁,奎,婁,胃,昴,畢,觜,参,井,鬼,柳,張,翼,軫,角,亢,氐,房,心,尾,箕
9,斗,女,虚,危,室,壁,奎,婁,胃,昴,畢,觜,参,井,鬼,柳,星,張,翼,軫,角,亢,氐,房,心,尾,箕,斗,女,虚
10,危,室,壁,奎,婁,胃,昴,畢,觜,参,井,鬼,柳,星,張,翼,軫,角,亢,氐,房,心,尾,箕,斗,女,虚,危,室,壁,奎
11,婁,胃,昴,畢,觜,参,井,鬼,柳,星,張,翼,軫,角,亢,氐,房,心,心,尾,箕,斗,女,虚,危,室,壁,奎,婁,胃
12,昴,畢,觜,参,井,鬼,柳,星,張,翼,軫,角,亢,氐,房,心,尾,斗,女,虚,危,室,壁,奎,婁,胃,昴,畢,觜,参,井
1961,1,2,3,4,5,6,7,8,9,10,11,12,13,14,15,16,17,18,19,20,21,22,23,24,25,26,27,28,29,30,31
1,鬼,柳,星,張,翼,軫,角,亢,氐,房,心,尾,箕,斗,女,虚,虚,危,室,壁,奎,婁,胃,昴,畢,觜,参,井,鬼,柳,星
2,張,翼,軫,角,亢,氐,房,心,尾,箕,斗,女,虚,危,室,壁,奎,婁,胃,昴,畢,觜,参,井,鬼,柳,星,張
3,翼,軫,角,亢,氐,房,心,尾,箕,斗,女,虚,危,室,壁,奎,奎,婁,胃,昴,畢,觜,参,井,鬼,柳,星,張,翼,軫,角
4,亢,氐,房,心,尾,箕,斗,女,虚,危,室,壁,奎,婁,胃,昴,畢,觜,参,井,鬼,柳,星,張,翼,軫,角,亢,氐,房　
5,心,尾,箕,斗,女,虚,危,室,壁,奎,婁,胃,昴,畢,畢,觜,参,井,鬼,柳,星,張,翼,軫,角,亢,氐,房,心,尾,箕
6,斗,女,虚,危,室,壁,奎,婁,胃,昴,畢,觜,参,井,鬼,柳,星,張,翼,軫,角,亢,氐,房,心,尾,箕,斗,女,虚
7,危,室,壁,奎,婁,胃,昴,畢,觜,参,井,鬼,柳,星,張,翼,軫,角,亢,氐,房,心,尾,箕,斗,女,虚,虚,危,室,壁
8,奎,婁,胃,昴,畢,觜,参,井,鬼,柳,張,翼,軫,角,亢,氐,房,心,尾,箕,斗,女,虚,危,室,壁,奎,婁,胃,昴,畢
9,觜,参,井,鬼,柳,星,張,翼,軫,角,亢,氐,房,心,尾,箕,斗,女,虚,危,室,壁,奎,婁,胃,昴,畢,觜,参,井
10,鬼,柳,星,張,翼,軫,角,亢,氐,氐,房,心,尾,箕,斗,女,虚,危,室,壁,奎,婁,胃,昴,畢,觜,参,井,鬼,柳,星
11,張,翼,軫,角,亢,氐,房,心,尾,箕,斗,女,虚,危,室,壁,奎,婁,胃,昴,畢,觜,参,井,鬼,柳,星,張,翼,軫
12,角,亢,氐,房,心,尾,箕,斗,女,虚,危,室,壁,奎,婁,胃,昴,畢,觜,参,井,鬼,柳,星,張,翼,軫,角,亢,氐,房
1962,1,2,3,4,5,6,7,8,9,10,11,12,13,14,15,16,17,18,19,20,21,22,23,24,25,26,27,28,29,30,31
1,心,尾,箕,斗,女,虚,危,室,壁,奎,婁,胃,昴,畢,觜,参,井,鬼,柳,星,張,翼,軫,角,亢,氐,房,心,尾,箕,斗
2,女,虚,危,室,室,壁,奎,婁,胃,昴,畢,觜,参,井,鬼,柳,星,張,翼,軫,角,亢,氐,房,心,尾,箕,斗,
3,女,虚,危,室,壁,奎,婁,胃,昴,畢,觜,参,井,鬼,柳,星,張,翼,軫,角,亢,氐,房,心,尾,箕,斗,女,虚,危,室
4,壁,奎,婁,胃,胃,昴,畢,觜,参,井,鬼,柳,星,張,翼,軫,角,亢,氐,房,心,尾,箕,斗,女,虚,危,室,壁,奎,
5,婁,胃,昴,畢,觜,参,井,鬼,柳,星,張,翼,軫,角,亢,氐,房,心,尾,箕,斗,女,虚,危,室,壁,奎,婁,胃,昴,畢
6,觜,参,井,鬼,柳,星,張,翼,軫,角,亢,氐,房,心,尾,箕,斗,女,虚,危,室,壁,奎,婁,胃,昴,畢,觜,参,井,
7,鬼,鬼,柳,星,張,翼,軫,角,亢,氐,房,心,尾,箕,斗,女,虚,危,室,壁,奎,婁,胃,昴,畢,觜,参,井,鬼,柳,張
8,翼,軫,角,亢,氐,房,心,尾,箕,斗,女,虚,危,室,壁,奎,婁,胃,昴,畢,觜,参,井,鬼,柳,星,張,翼,軫,角,亢
9,氐,房,心,尾,箕,斗,女,虚,危,室,壁,奎,婁,胃,昴,畢,觜,参,井,鬼,柳,星,張,翼,軫,角,亢,氐,氐,房,
10,心,尾,箕,斗,女,虚,危,室,壁,奎,婁,胃,昴,畢,觜,参,井,鬼,柳,星,張,翼,軫,角,亢,氐,房,心,尾,箕,斗
11,女,虚,危,室,壁,奎,婁,胃,昴,畢,觜,参,井,鬼,柳,星,張,翼,軫,角,亢,氐,房,心,尾,箕,斗,女,虚,危,
12,室,壁,奎,婁,胃,昴,畢,觜,参,井,鬼,柳,星,張,翼,軫,角,亢,氐,房,心,尾,箕,斗,女,虚,虚,危,室,壁,奎
1963,1,2,3,4,5,6,7,8,9,10,11,12,13,14,15,16,17,18,19,20,21,22,23,24,25,26,27,28,29,30,31
1,婁,胃,昴,畢,觜,参,井,鬼,柳,星,張,翼,軫,角,亢,氐,房,心,尾,箕,斗,女,虚,危,室,壁,奎,婁,胃,昴,畢
2,觜,参,井,鬼,柳,星,張,翼,軫,角,亢,氐,房,心,尾,箕,斗,女,虚,危,室,壁,奎,奎,婁,胃,昴,畢
3,觜,参,井,鬼,柳,星,張,翼,軫,角,亢,氐,房,心,尾,箕,斗,女,虚,危,室,壁,奎,婁,胃,昴,畢,觜,参,井,鬼
4,柳,星,張,翼,軫,角,亢,氐,房,心,尾,箕,斗,女,虚,危,室,壁,奎,婁,胃,昴,畢,畢,觜,参,井,鬼,柳,星
5,張,翼,軫,角,亢,氐,房,心,尾,箕,斗,女,虚,危,室,壁,奎,婁,胃,昴,畢,觜,畢,觜,参,井,鬼,柳,星,張,翼
6,軫,角,亢,氐,房,心,尾,箕,斗,女,虚,危,室,壁,奎,婁,胃,昴,畢,觜,参,井,鬼,柳,星,張,翼,軫,角,亢
7,氐,房,心,尾,箕,斗,女,虚,危,室,壁,奎,婁,胃,昴,畢,觜,参,井,鬼,鬼,柳,星,張,翼,軫,角,亢,氐,房,心
8,尾,箕,斗,女,虚,危,室,壁,奎,婁,胃,昴,畢,觜,参,井,鬼,柳,張,翼,軫,角,亢,氐,房,心,尾,箕,斗,女,虚
9,危,室,壁,奎,婁,胃,昴,畢,觜,参,井,鬼,柳,星,張,翼,軫,角,亢,氐,房,心,尾,箕,斗,女,虚,危,室,癖
10,奎,婁,胃,昴,畢,觜,参,井,鬼,柳,星,張,翼,軫,角,亢,氐,房,心,尾,箕,斗,女,虚,危,室,壁,奎,婁,胃,昴
11,畢,觜,参,井,鬼,柳,星,張,翼,軫,角,亢,氐,房,心,心,尾,箕,斗,女,虚,危,室,壁,奎,婁,胃,昴,畢,觜
12,参,井,鬼,柳,星,張,翼,軫,角,亢,氐,房,心,尾,箕,斗,女,虚,危,室,壁,奎,婁,胃,昴,畢,觜,参,井,鬼,柳
1964,1,2,3,4,5,6,7,8,9,10,11,12,13,14,15,16,17,18,19,20,21,22,23,24,25,26,27,28,29,30,31
1,星,張,翼,軫,角,亢,氐,房,心,尾,箕,斗,女,虚,虚,危,室,壁,奎,婁,胃,昴,畢,觜,参,井,鬼,柳,星,張,翼
2,軫,角,亢,氐,房,心,尾,箕,斗,女,虚,危,室,壁,奎,婁,胃,昴,畢,觜,参,井,鬼,柳,星,張,翼,軫,角
3,亢,氐,房,心,尾,箕,斗,女,虚,危,室,壁,奎,奎,婁,胃,昴,畢,觜,参,井,鬼,柳,星,張,翼,軫,角,亢,氐,房
4,心,尾,箕,斗,女,虚,危,室,壁,奎,婁,胃,昴,畢,觜,参,井,鬼,柳,星,張,翼,軫,角,亢,氐,房,心,尾,箕
5,斗,女,虚,危,室,壁,奎,婁,胃,昴,畢,畢,觜,参,井,鬼,柳,星,張,翼,軫,角,亢,氐,房,心,尾,箕,斗,女,虚
6,危,室,壁,奎,婁,胃,昴,畢,觜,参,井,鬼,柳,星,張,翼,軫,角,亢,氐,房,心,尾,箕,斗,女,虚,危,室,壁
7,奎,婁,胃,昴,畢,觜,参,井,鬼,柳,星,張,翼,軫,角,亢,氐,房,心,尾,箕,斗,女,虚,危,室,壁,奎,婁,胃,昴
8,畢,觜,参,井,鬼,柳,星,張,翼,軫,角,亢,氐,房,心,尾,箕,斗,女,虚,危,室,壁,奎,婁,胃,昴,畢,觜,参,井
9,鬼,柳,星,張,翼,角,亢,氐,房,心,尾,箕,斗,女,虚,危,室,壁,奎,婁,胃,昴,畢,觜,参,井,鬼,柳,星,張
10,翼,軫,角,亢,氐,氐,房,心,尾,箕,斗,女,虚,危,室,壁,奎,婁,胃,昴,畢,觜,参,井,鬼,柳,星,張,翼,軫,角
11,亢,氐,房,心,尾,箕,斗,女,虚,危,室,壁,奎,婁,胃,昴,畢,觜,参,井,鬼,柳,星,張,翼,軫,角,亢,氐,房
12,心,尾,箕,斗,女,虚,危,室,壁,奎,婁,胃,昴,畢,觜,参,井,鬼,柳,星,張,翼,軫,角,亢,氐,房,心,尾,箕,斗
1965,1,2,3,4,5,6,7,8,9,10,11,12,13,14,15,16,17,18,19,20,21,22,23,24,25,26,27,28,29,30,31
1,女,虚,虚,危,室,壁,奎,婁,胃,昴,畢,觜,参,井,鬼,柳,星,張,翼,軫,角,亢,氐,房,心,尾,箕,斗,女,虚,危
2,室,室,壁,奎,婁,胃,昴,畢,觜,参,井,鬼,柳,星,張,翼,軫,角,亢,氐,房,心,尾,箕,斗,女,虚,危
3,室,壁,奎,婁,胃,昴,畢,觜,参,井,鬼,柳,星,張,翼,軫,角,亢,氐,房,心,尾,箕,斗,女,虚,危,室,壁,奎,婁
4,胃,胃,昴,畢,觜,参,井,鬼,柳,星,張,翼,軫,角,亢,氐,房,心,尾,箕,斗,女,虚,危,室,壁,奎,婁,胃,昴
5,畢,觜,参,井,鬼,柳,星,張,翼,軫,角,亢,氐,房,心,尾,箕,斗,女,虚,危,室,壁,奎,婁,胃,昴,畢,觜,参,参
6,井,鬼,柳,星,張,翼,軫,角,亢,氐,房,心,尾,箕,斗,女,虚,危,室,壁,奎,婁,胃,昴,畢,觜,参,井,鬼,柳
7,星,張,翼,軫,角,亢,氐,房,心,尾,箕,斗,女,虚,危,室,壁,奎,婁,胃,昴,畢,觜,参,井,鬼,柳,張,翼,軫,角
8,亢,氐,房,心,尾,箕,斗,女,虚,危,室,壁,奎,婁,胃,昴,畢,觜,参,井,鬼,柳,星,張,翼,軫,角,亢,氐,房,心
9,尾,箕,斗,女,虚,危,室,壁,奎,婁,胃,昴,畢,觜,参,井,鬼,柳,星,張,翼,軫,角,亢,氐,房,心,尾,箕,斗
10,女,虚,危,室,壁,奎,婁,胃,昴,畢,觜,参,井,鬼,柳,星,張,翼,軫,角,亢,氐,房,心,尾,箕,斗,女,虚,危,室
11,壁,奎,婁,胃,昴,畢,觜,参,井,鬼,柳,星,張,翼,軫,角,亢,氐,房,心,尾,箕,斗,女,虚,危,室,壁,奎,婁
12,胃,昴,畢,觜,参,井,鬼,柳,星,張,翼,軫,角,亢,氐,房,心,尾,箕,斗,女,虚,虚,危,室,壁,奎,婁,胃,昴,畢
1966,1,2,3,4,5,6,7,8,9,10,11,12,13,14,15,16,17,18,19,20,21,22,23,24,25,26,27,28,29,30,31
1,觜,参,井,鬼,柳,星,張,翼,軫,角,亢,氐,房,心,尾,箕,斗,女,虚,危,室,室,壁,奎,婁,胃,昴,畢,觜,参,井
2,鬼,柳,星,張,翼,軫,角,亢,氐,房,心,尾,箕,斗,女,虚,危,室,壁,奎,婁,胃,昴,畢,觜,参,井,鬼
3,柳,星,張,翼,軫,角,亢,氐,房,心,尾,箕,斗,女,虚,危,室,壁,奎,婁,胃,胃,昴,畢,觜,参,井,鬼,柳,星,張
4,翼,軫,角,亢,氐,房,心,尾,箕,斗,女,虚,危,室,壁,奎,婁,胃,昴,畢,胃,昴,畢,觜,参,井,鬼,柳,星,張
5,翼,軫,角,亢,氐,房,心,尾,箕,斗,女,虚,危,室,壁,奎,婁,胃,昴,畢,觜,参,井,鬼,柳,星,張,翼,軫,角,亢
6,氐,房,心,尾,箕,斗,女,虚,危,室,壁,奎,婁,胃,昴,畢,觜,参,参,井,鬼,柳,星,張,翼,軫,角,亢,氐,房
7,心,尾,箕,斗,女,虚,危,室,壁,奎,婁,胃,昴,畢,觜,参,井,鬼,柳,星,張,翼,軫,角,亢,氐,房,心,尾,箕,斗
8,女,虚,危,室,壁,奎,婁,胃,昴,畢,觜,参,井,鬼,柳,張,翼,軫,角,亢,氐,房,心,尾,箕,斗,女,虚,危,室,壁
9,奎,婁,胃,昴,畢,觜,参,井,鬼,柳,星,張,翼,軫,角,亢,氐,房,心,尾,箕,斗,女,虚,危,室,壁,奎,婁,胃
10,昴,畢,觜,参,井,鬼,柳,星,張,翼,軫,角,亢,氐,房,心,尾,箕,斗,女,虚,危,室,壁,奎,婁,胃,昴,畢,觜,参
11,井,鬼,柳,星,張,翼,軫,角,亢,氐,房,心,尾,箕,斗,女,虚,危,室,壁,奎,婁,胃,昴,畢,觜,参,井,鬼,柳
12,星,張,翼,軫,角,亢,氐,房,心,尾,箕,斗,女,虚,危,室,壁,奎,婁,胃,昴,畢,觜,参,井,鬼,柳,星,張,翼,軫
1967,1,2,3,4,5,6,7,8,9,10,11,12,13,14,15,16,17,18,19,20,21,22,23,24,25,26,27,28,29,30,31
1,角,亢,氐,房,心,尾,箕,斗,女,虚,虚,危,室,壁,奎,婁,胃,昴,畢,觜,参,井,鬼,柳,星,張,翼,軫,角,亢,氐
2,房,心,尾,箕,斗,女,虚,危,室,壁,奎,婁,胃,昴,畢,觜,参,井,鬼,柳,星,張,翼,軫,角,亢,氐,房
3,心,尾,箕,斗,女,虚,危,室,壁,奎,奎,婁,胃,昴,畢,觜,参,井,鬼,柳,星,張,翼,軫,角,亢,氐,房,心,尾,箕
4,斗,女,虚,危,室,壁,奎,婁,胃,胃,昴,畢,觜,参,井,鬼,柳,星,張,翼,軫,角,亢,氐,房,心,尾,箕,斗,女
5,虚,危,室,壁,奎,婁,胃,昴,畢,觜,参,井,鬼,柳,星,張,翼,軫,角,亢,氐,房,心,尾,箕,斗,女,虚,危,室,壁
6,奎,婁,胃,昴,畢,觜,参,参,井,鬼,柳,星,張,翼,軫,角,亢,氐,房,心,尾,箕,斗,女,虚,危,室,壁,奎,婁
7,胃,昴,畢,觜,参,井,鬼,鬼,柳,星,張,翼,軫,角,亢,氐,房,心,尾,箕,斗,女,虚,危,室,壁,奎,婁,胃,昴,畢
8,觜,参,井,鬼,柳,張,翼,軫,角,亢,氐,房,心,尾,箕,斗,女,虚,危,室,壁,奎,婁,胃,昴,畢,觜,参,井,鬼,柳
9,星,張,翼,角,亢,氐,房,心,尾,箕,斗,女,虚,危,室,壁,奎,婁,胃,昴,畢,觜,参,井,鬼,柳,星,張,翼,軫
10,角,亢,氐,氐,房,心,尾,箕,斗,女,虚,危,室,壁,奎,婁,胃,昴,畢,觜,参,井,鬼,柳,星,張,翼,軫,角,亢,氐
11,房,心,尾,箕,斗,女,虚,危,室,壁,奎,婁,胃,昴,畢,觜,参,井,鬼,柳,星,張,翼,軫,角,亢,氐,房,心,尾
12,箕,斗,女,虚,危,室,壁,奎,婁,胃,昴,畢,觜,参,井,鬼,柳,星,張,翼,軫,角,亢,氐,房,心,尾,箕,斗,女,虚
1968,1,2,3,4,5,6,7,8,9,10,11,12,13,14,15,16,17,18,19,20,21,22,23,24,25,26,27,28,29,30,31
1,危,室,壁,奎,婁,胃,昴,畢,觜,参,井,鬼,柳,星,張,翼,軫,角,亢,氐,房,心,尾,箕,斗,女,虚,危,室.室,壁
2,奎,婁,胃,昴,畢,觜,参,井,鬼,柳,星,張,翼,軫,角,亢,氐,房,心,尾,箕,斗,女,虚,危,室.,壁,奎,婁
3,胃,昴,畢,觜,参,井,鬼,柳,星,張,翼,軫,角,亢,氐,房,心,尾,箕,斗,女,虚,危,室.,壁,奎,婁,胃,胃,昴,畢
4,觜,参,井,鬼,柳,星,張,翼,軫,角,亢,氐,房,心,尾,箕,斗,女,虚,危,室.,壁,奎,婁,胃,昴,畢,畢,觜,参
5,井,鬼,柳,星,張,翼,軫,角,亢,氐,房,心,尾,箕,斗,女,虚,危,室.,壁,奎,婁,胃,昴,畢,觜,参,井,鬼,柳,星
6,張,翼,軫,角,亢,氐,房,心,尾,箕,斗,女,虚,危,室.,壁,奎,婁,胃,昴,畢,觜,参,井,鬼,鬼,柳,星,張,翼
7,軫,角,亢,氐,房,心,尾,箕,斗,女,虚,危,室.,壁,奎,婁,胃,昴,畢,觜,参,井,鬼,柳,張,翼,軫,角,亢,氐,房
8,心,尾,箕,斗,女,虚,危,室,壁,奎,婁,胃,昴,畢,觜,参,井,鬼,柳,星,張,翼,軫,張,翼,軫,角,亢,氐,房,心
9,尾,箕,斗,女,虚,危,室.,壁,奎,婁,胃,昴,畢,觜,参,井,鬼,柳,星,張,翼,角,亢,氐,房,心,尾,箕,斗,女
10,虚,危,室,壁,奎,婁,胃,昴,畢,觜,参,井,鬼,柳,星,張,翼,軫,角,亢,氐,氐,房,心,尾,箕,斗,女,虚,危,室
11,壁,奎,婁,胃,昴,畢,觜,参,井,鬼,柳,星,張,翼,軫,角,亢,氐,房,心,尾,箕,斗,女,虚,危,室,壁,奎,婁
12,胃,昴,畢,觜,参,井,鬼,柳,星,張,翼,軫,角,亢,氐,房,心,尾,箕,斗,女,虚,危,室,壁,奎,婁,胃,昴,畢,觜
1969,1,2,3,4,5,6,7,8,9,10,11,12,13,14,15,16,17,18,19,20,21,22,23,24,25,26,27,28,29,30,31
1,参,井,鬼,柳,星,張,翼,軫,角,亢,氐,房,心,尾,箕,斗,女,虚,危,室,壁,奎,婁,胃,昴,畢,觜,参,井,鬼,柳
2,星,張,翼,軫,角,亢,氐,房,心,尾,箕,斗,女,虚,危,室,室,壁,奎,婁,胃,昴,畢,觜,参,井,鬼,柳
3,星,張,翼,軫,角,亢,氐,房,心,尾,箕,斗,女,虚,危,室,壁,奎,婁,胃,昴,畢,觜,参,井,鬼,柳,星,張,翼,軫
4,角,亢,氐,房,心,尾,箕,斗,女,虚,危,室,壁,奎,婁,胃,胃,昴,畢,觜,参,井,鬼,柳,星,張,翼,軫,角,亢
5,氐,房,心,尾,箕,斗,女,虚,危,室,壁,奎,婁,胃,昴,畢,觜,参,井,鬼,柳,星,張,翼,軫,角,亢,氐,房,心,尾
6,箕,斗,女,虚,危,室,壁,奎,婁,胃,昴,畢,觜,参,参,井,鬼,柳,星,張,翼,軫,角,亢,氐,房,心,尾,箕,斗
7,女,虚,危,室,壁,奎,婁,胃,昴,畢,觜,参,井,鬼,柳,星,張,翼,軫,角,亢,氐,房,心,尾,箕,斗,女,虚,危,室
8,壁,奎,婁,胃,昴,畢,觜,参,井,鬼,柳,星,張,翼,軫,角,亢,氐,房,心,尾,箕,斗,女,虚,危,室,壁,奎,婁,胃
9,昴,畢,觜,参,井,鬼,柳,星,張,翼,軫,角,亢,氐,房,心,尾,箕,斗,女,虚,危,室,壁,奎,婁,胃,昴,畢,觜
10,参,井,鬼,柳,星,張,翼,軫,角,亢,氐,房,心,尾,箕,斗,女,虚,危,室,壁,奎,婁,胃,昴,畢,觜,参,井,鬼,柳
11,星,張,翼,軫,角,亢,氐,房,心,心,尾,箕,斗,女,虚,危,室,壁,奎,婁,胃,昴,畢,觜,参,井,鬼,柳,星,張
12,翼,軫,角,亢,氐,房,心,尾,斗,女,虚,危,室,壁,奎,婁,胃,昴,畢,觜,参,井,鬼,柳,星,張,翼,軫,角,亢,氐
1970,1,2,3,4,5,6,7,8,9,10,11,12,13,14,15,16,17,18,19,20,21,22,23,24,25,26,27,28,29,30,31
1,房,心,尾,箕,斗,女,虚,虚,危,室,壁,奎,婁,胃,昴,畢,觜,参,井,鬼,柳,星,張,翼,軫,角,亢,氐,房,心,尾
2,箕,斗,女,虚,危,室,壁,奎,婁,胃,昴,畢,觜,参,井,鬼,柳,星,張,翼,軫,角,亢,氐,房,心,尾,箕
3,斗,女,虚,危,室,壁,奎,奎,婁,胃,昴,畢,觜,参,井,鬼,柳,星,張,翼,軫,角,亢,氐,房,心,尾,箕,斗,女,虚
4,危,室,壁,奎,婁,胃,昴,畢,觜,参,井,鬼,柳,星,張,翼,軫,角,亢,氐,房,心,尾,箕,斗,女,虚,危,室,壁　
5,奎,婁,胃,昴,畢,觜,参,井,鬼,柳,星,張,翼,軫,角,亢,氐,房,心,尾,箕,斗,女,虚,危,室,壁,奎,婁,胃,昴
6,畢,觜,参,参,井,鬼,柳,星,張,翼,軫,角,亢,氐,房,心,尾,箕,斗,女,虚,危,室,壁,奎,婁,胃,昴,畢,觜
7,参,井,鬼,鬼,柳,星,張,翼,軫,角,亢,氐,房,心,尾,箕,斗,女,虚,危,室,壁,奎,婁,胃,昴,畢,觜,参,井,鬼
8,柳,張,翼,軫,角,亢,氐,房,心,尾,箕,斗,女,虚,危,室,壁,奎,婁,胃,昴,畢,觜,参,井,鬼,柳,星,張,翼,軫
9,角,亢,氐,房,心,尾,箕,斗,女,虚,危,室,壁,奎,婁,胃,昴,畢,觜,参,井,鬼,柳,星,張,翼,軫,角,亢,氐
10,房,心,尾,箕,斗,女,虚,危,室,壁,奎,婁,胃,昴,畢,觜,参,井,鬼,柳,星,張,翼,軫,角,亢,氐,房,心,心,尾
11,箕,斗,女,虚,危,室,壁,奎,婁,胃,昴,畢,觜,参,井,鬼,柳,星,張,翼,軫,角,亢,氐,房,心,尾,箕,斗,女
12,虚,危,室,壁,奎,婁,胃,昴,畢,觜,参,井,鬼,柳,星,張,翼,軫,角,亢,氐,房,心,尾,箕,斗,女,虚,危,室,壁
1971,1,2,3,4,5,6,7,8,9,10,11,12,13,14,15,16,17,18,19,20,21,22,23,24,25,26,27,28,29,30,31
1,奎,婁,胃,昴,畢,觜,参,井,鬼,柳,星,張,翼,軫,角,亢,氐,房,心,尾,箕,斗,女,虚,危,室,室,壁,奎,婁,胃
2,昴,畢,觜,参,井,鬼,柳,星,張,翼,軫,角,亢,氐,房,心,尾,箕,斗,女,虚,危,室,壁,奎,婁,胃,昴
3,畢,觜,参,井,鬼,柳,星,張,翼,軫,角,亢,氐,房,心,尾,箕,斗,女,虚,危,室,壁,奎,婁,胃,胃,昴,畢,觜,参
4,井,鬼,柳,星,張,翼,軫,角,亢,氐,房,心,尾,箕,斗,女,虚,危,室,壁,奎,婁,胃,昴,畢,觜,参,井,鬼,柳
5,星,張,翼,軫,角,亢,氐,房,心,尾,箕,斗,女,虚,危,室,壁,奎,婁,胃,昴,畢,觜,参,井,鬼,柳,星,張,翼,軫
6,角,亢,氐,房,心,尾,箕,斗,女,虚,危,室,壁,奎,婁,胃,昴,畢,觜,参,井,鬼,参,井,鬼,柳,星,張,翼,軫
7,角,亢,氐,房,心,尾,箕,斗,女,虚,危,室,壁,奎,婁,胃,昴,畢,觜,参,井,鬼,柳,星,張,翼,軫,角,亢,氐,房
8,心,尾,箕,斗,女,虚,危,室,壁,奎,婁,胃,昴,畢,觜,参,井,鬼,柳,星,張,翼,軫,角,亢,氐,房,心,尾,箕,斗
9,女,虚,危,室,壁,奎,婁,胃,昴,畢,觜,参,井,鬼,柳,星,張,翼,角,亢,氐,房,心,尾,箕,斗,女,虚,危,室
10,壁,奎,婁,胃,昴,畢,觜,参,井,鬼,柳,星,張,翼,軫,角,亢,氐,氐,房,心,尾,箕,斗,女,虚,危,室,壁,奎,婁
11,胃,昴,畢,觜,参,井,鬼,柳,星,張,翼,軫,角,亢,氐,房,心,心,尾,箕,斗,女,虚,危,室,壁,奎,婁,胃,昴
12,畢,觜,参,井,鬼,柳,星,張,翼,軫,角,亢,氐,房,心,尾,箕,斗,女,虚,危,室,壁,奎,婁,胃,昴,畢,觜,参,井
1972,1,2,3,4,5,6,7,8,9,10,11,12,13,14,15,16,17,18,19,20,21,22,23,24,25,26,27,28,29,30,31
1,鬼,柳,星,張,翼,軫,角,亢,氐,房,心,尾,箕,斗,女,虚,危,室,壁,奎,婁,胃,昴,畢,觜,参,井,鬼,柳,星,張
2,翼,軫,角,亢,氐,房,心,尾,箕,斗,女,虚,危,室,室,壁,奎,婁,胃,昴,畢,觜,参,井,鬼,柳,星,張,翼
3,軫,角,亢,氐,房,心,尾,箕,斗,女,虚,危,室,壁,奎,婁,胃,昴,畢,觜,参,井,鬼,柳,星,張,翼,軫,角,亢,氐
4,房,心,尾,箕,斗,女,虚,危,室,壁,奎,婁,胃,胃,昴,畢,觜,参,井,鬼,柳,星,張,翼,軫,角,亢,氐,房,心
5,尾,箕,斗,女,虚,危,室,壁,奎,婁,胃,昴,畢,觜,参,井,鬼,柳,星,張,翼,軫,角,亢,氐,房,心,尾,箕,斗,女
6,虚,危,室,壁,奎,婁,胃,昴,畢,觜,参,井,鬼,柳,星,張,翼,軫,角,亢,氐,房,心,尾,箕,斗,女,虚,危,室
7,壁,奎,婁,胃,昴,畢,觜,参,井,鬼,鬼,柳,星,張,翼,軫,角,亢,氐,房,心,尾,箕,斗,女,虚,危,室,壁,奎,婁
8,胃,昴,畢,觜,参,井,鬼,柳,張,翼,軫,角,亢,氐,房,心,尾,箕,斗,女,虚,危,室,壁,奎,婁,胃,昴,畢,觜,参　
9,井,鬼,柳,星,張,翼,軫,角,亢,氐,房,心,尾,箕,斗,女,虚,危,室,壁,奎,婁,胃,昴,畢,觜,参,井,鬼,柳
10,星,張,翼,軫,角,亢,氐,房,心,尾,箕,斗,女,虚,危,室,壁,奎,婁,胃,昴,畢,觜,参,井,鬼,柳,星,張,翼,軫
11,角,亢,氐,房,心,心,尾,箕,斗,女,虚,危,室,壁,奎,婁,胃,昴,畢,觜,参,井,鬼,柳,星,張,翼,軫,角,亢
12,氐,房,心,尾,箕,斗,女,虚,危,室,壁,奎,婁,胃,昴,畢,觜,参,井,鬼,柳,星,張,翼,軫,角,亢,氐,房,心,尾
1973,1,2,3,4,5,6,7,8,9,10,11,12,13,14,15,16,17,18,19,20,21,22,23,24,25,26,27,28,29,30,31
1,箕,斗,女,虚,虚,危,室,壁,奎,婁,胃,昴,畢,觜,参,井,鬼,柳,星,張,翼,軫,角,亢,氐,房,心,尾,箕,斗,女
2,虚,危,室,壁,奎,婁,胃,昴,畢,觜,参,井,鬼,柳,星,張,翼,軫,角,亢,氐,房,心,尾,箕,斗,女,虚
3,危,室,壁,奎,奎,婁,胃,昴,畢,觜,参,井,鬼,柳,星,張,翼,軫,角,亢,氐,房,心,尾,箕,斗,女,虚,危,室,壁
4,奎,婁,胃,昴,畢,觜,参,井,鬼,柳,星,張,翼,軫,角,亢,氐,房,心,尾,箕,斗,女,虚,危,室,壁,奎,婁,胃
5,昴,畢,畢,觜,参,井,鬼,柳,星,張,翼,軫,角,亢,氐,房,心,尾,箕,斗,女,虚,危,室,壁,奎,婁,胃,昴,畢,觜
6,参,井,鬼,柳,星,張,翼,軫,角,亢,氐,房,心,尾,箕,斗,女,虚,危,室,壁,奎,婁,胃,昴,畢,觜,参,井,鬼
7,柳,星,張,翼,軫,角,亢,氐,房,心,尾,箕,斗,女,虚,危,室,壁,奎,婁,胃,昴,畢,觜,参,井,鬼,柳,星,張,翼
8,軫,角,亢,氐,房,心,尾,箕,斗,女,虚,危,室,壁,奎,婁,胃,昴,畢,觜,参,井,鬼,柳,星,張,翼,角,亢,氐,房
9,心,尾,箕,斗,女,虚,危,室,壁,奎,婁,胃,昴,畢,觜,参,井,鬼,柳,星,張,翼,軫,角,亢,氐,房,心,尾,箕
10,斗,女,虚,危,室,壁,奎,婁,胃,昴,畢,觜,参,井,鬼,柳,星,張,翼,軫,角,亢,氐,房,心,心,尾,箕,斗,女,虚
11,危,室,壁,奎,婁,胃,昴,畢,觜,参,井,鬼,柳,星,張,翼,軫,角,亢,氐,房,心,尾,箕,斗,女,虚,危,室,壁
12,奎,婁,胃,昴,畢,觜,参,井,鬼,柳,星,張,翼,軫,角,亢,氐,房,心,尾,箕,斗,女,虚,虚,危,室,壁,奎,婁,胃
1974,1,2,3,4,5,6,7,8,9,10,11,12,13,14,15,16,17,18,19,20,21,22,23,24,25,26,27,28,29,30,31
1,昴,畢,觜,参,井,鬼,柳,星,張,翼,軫,角,亢,氐,房,心,尾,箕,斗,女,虚,危,室,壁,奎,婁,胃,昴,畢,觜,参
2,井,鬼,柳,星,張,翼,軫,角,亢,氐,房,心,尾,箕,斗,女,虚,危,室,壁,奎,奎,婁,胃,昴,畢,觜,参
3,井,鬼,柳,星,張,翼,軫,角,亢,氐,房,心,尾,箕,斗,女,虚,危,室,壁,奎,婁,胃,胃,昴,畢,觜,参,井,鬼,柳
4,星,張,翼,軫,角,亢,氐,房,心,尾,箕,斗,女,虚,危,室,壁,奎,婁,胃,昴,畢,觜,参,井,鬼,柳,星,張,翼
5,軫,角,亢,氐,房,心,尾,箕,斗,女,虚,危,室,壁,奎,婁,胃,昴,畢,觜,参,畢,觜,参,井,鬼,柳,星,張,翼,軫
6,角,亢,氐,房,心,尾,箕,斗,女,虚,危,室,壁,奎,婁,胃,昴,畢,觜,参,井,鬼,柳,星,張,翼,軫,角,亢,氐
7,房,心,尾,箕,斗,女,虚,危,室,壁,奎,婁,胃,昴,畢,觜,参,井,鬼,柳,星,張,翼,軫,角,亢,氐,房,心,尾,箕
8,斗,女,虚,危,室,壁,奎,婁,胃,昴,畢,觜,参,井,鬼,柳,星,張,翼,軫,角,亢,氐,房,心,尾,箕,斗,女,虚,危
9,室,壁,奎,婁,胃,昴,畢,觜,参,井,鬼,柳,星,張,翼,角,亢,氐,房,心,尾,箕,斗,女,虚,危,室,壁,奎,婁
10,胃,昴,畢,觜,参,井,鬼,柳,星,張,翼,軫,角,亢,氐,房,心,尾,箕,斗,女,虚,危,室,壁,奎,婁,胃,昴,畢,觜
11,参,井,鬼,柳,星,張,翼,軫,角,亢,氐,房,心,心,尾,箕,斗,女,虚,危,室,壁,奎,婁,胃,昴,畢,觜,参,井
12,鬼,柳,星,張,翼,軫,角,亢,氐,房,心,尾,箕,斗,女,虚,危,室,壁,奎,婁,胃,昴,畢,觜,参,井,鬼,柳,星,張
1975,1,2,3,4,5,6,7,8,9,10,11,12,13,14,15,16,17,18,19,20,21,22,23,24,25,26,27,28,29,30,31
1,翼,軫,角,亢,氐,房,心,尾,箕,斗,女,虚,危,室,壁,奎,婁,胃,昴,畢,觜,参,井,鬼,柳,星,張,翼,軫,角,亢
2,氐,房,心,尾,箕,斗,女,虚,危,室,室,壁,奎,婁,胃,昴,畢,觜,参,井,鬼,柳,星,張,翼,軫,角,亢
3,氐,房,心,尾,箕,斗,女,虚,危,室,壁,奎,奎,婁,胃,昴,畢,觜,参,井,鬼,柳,星,張,翼,軫,角,亢,氐,房,心
4,尾,箕,斗,女,虚,危,室,壁,奎,婁,胃,胃,昴,畢,觜,参,井,鬼,柳,星,張,翼,軫,角,亢,氐,房,心,尾,箕
5,斗,女,虚,危,室,壁,奎,婁,胃,昴,畢,觜,参,井,鬼,柳,星,張,翼,軫,角,亢,氐,房,心,尾,箕,斗,女,虚,危
6,室,壁,奎,婁,胃,昴,畢,觜,参,参,井,鬼,柳,星,張,翼,軫,角,亢,氐,房,心,尾,箕,斗,女,虚,危,室,壁
7,奎,婁,胃,昴,畢,觜,参,井,鬼,柳,星,張,翼,軫,角,亢,氐,房,心,尾,箕,斗,女,虚,危,室,壁,奎,婁,胃,昴
8,畢,觜,参,井,鬼,柳,張,翼,軫,角,亢,氐,房,心,尾,箕,斗,女,虚,危,室,壁,奎,婁,胃,昴,畢,觜,参,井,鬼
9,柳,星,張,翼,軫,角,亢,氐,房,心,尾,箕,斗,女,虚,危,室,壁,奎,婁,胃,昴,畢,觜,参,井,鬼,柳,星,張
10,翼,軫,角,亢,氐,房,心,尾,箕,斗,女,虚,危,室,壁,奎,婁,胃,昴,畢,觜,参,井,鬼,柳,星,張,翼,軫,角,亢
11,氐,房,心,尾,箕,斗,女,虚,危,室,壁,奎,婁,胃,昴,畢,觜,参,井,鬼,柳,星,張,翼,軫,角,亢,氐,房,心
12,尾,箕,斗,女,虚,危,室,壁,奎,婁,胃,昴,畢,觜,参,井,鬼,柳,星,張,翼,軫,角,亢,氐,房,心,尾,箕,斗,女
1976,1,2,3,4,5,6,7,8,9,10,11,12,13,14,15,16,17,18,19,20,21,22,23,24,25,26,27,28,29,30,31
1,虚,危,室,壁,奎,婁,胃,昴,畢,觜,参,井,鬼,柳,星,張,翼,軫,角,亢,氐,房,心,尾,箕,斗,女,虚,危,室,室
2,壁,奎,婁,胃,昴,畢,觜,参,井,鬼,柳,星,張,翼,軫,角,亢,氐,房,心,尾,箕,斗,女,虚,危,室,壁,奎
3,奎,婁,胃,昴,畢,觜,参,井,鬼,柳,星,張,翼,軫,角,亢,氐,房,心,尾,箕,斗,女,虚,危,室,壁,奎,婁,胃,胃
4,昴,畢,觜,参,井,鬼,柳,星,張,翼,軫,角,亢,氐,房,心,尾,箕,斗,女,虚,危,室,壁,奎,婁,胃,昴,畢,觜
5,参,井,鬼,柳,星,張,翼,軫,角,亢,氐,房,心,尾,箕,斗,女,虚,危,室,壁,奎,婁,胃,昴,畢,觜,参,参,井,鬼
6,柳,星,張,翼,軫,角,亢,氐,房,心,尾,箕,斗,女,虚,危,室,壁,奎,婁,胃,昴,畢,觜,参,参,井,鬼,柳,星,
7,翼,軫,角,亢,氐,房,心,尾,箕,斗,女,虚,危,室,壁,奎,婁,胃,昴,畢,觜,参,井,鬼,柳,星,張,翼,軫,角,亢
8,氐,房,心,尾,箕,斗,女,虚,危,室,壁,奎,婁,胃,昴,畢,觜,参,井,鬼,柳,星,張,翼,角,亢,氐,房,心,尾,箕
9,斗,女,虚,危,室,壁,奎,婁,胃,昴,畢,觜,参,井,鬼,柳,星,張,翼,軫,角,亢,氐,角,亢,氐,房,心,尾,箕
10,斗,女,虚,危,室,壁,奎,婁,胃,昴,畢,觜,参,井,鬼,柳,星,張,翼,軫,角,亢,氐,房,心,尾,箕,斗,女,虚,危
11,室,壁,奎,婁,胃,昴,畢,觜,参,井,鬼,柳,星,張,翼,軫,角,亢,氐,房,心,心,尾,箕,斗,女,虚,危,室,壁
12,奎,婁,胃,昴,畢,觜,参,井,鬼,柳,星,張,翼,軫,角,亢,氐,房,心,尾,斗,女,虚,危,室,壁,奎,婁,胃,昴,畢
1977,1,2,3,4,5,6,7,8,9,10,11,12,13,14,15,16,17,18,19,20,21,22,23,24,25,26,27,28,29,30,31
1,觜,参,井,鬼,柳,星,張,翼,軫,角,亢,氐,房,心,尾,箕,斗,女,虚,危,室,壁,奎,婁,胃,昴,畢,觜,参,井,鬼
2,柳,星,張,翼,軫,角,亢,氐,房,心,尾,箕,斗,女,虚,危,室,室,壁,奎,婁,胃,昴,畢,觜,参,井,鬼
3,柳,星,張,翼,軫,角,亢,氐,房,心,尾,箕,斗,女,虚,危,室,室,壁,奎,婁,胃,昴,畢,觜,参,井,鬼,柳,星,張
4,翼,軫,角,亢,氐,房,心,尾,箕,斗,女,虚,危,室,壁,奎,婁,胃,昴,畢,觜,参,井,鬼,柳,星,張,翼,軫,角
5,亢,氐,房,心,尾,箕,斗,女,虚,危,室,壁,奎,婁,胃,昴,畢,畢,觜,参,井,鬼,柳,星,張,翼,軫,角,亢,氐,房
6,心,尾,箕,斗,女,虚,危,室,壁,奎,婁,胃,昴,畢,觜,参,参,井,鬼,柳,星,張,翼,軫,角,亢,氐,房,心,尾
7,箕,斗,女,虚,危,室,壁,奎,婁,胃,昴,畢,觜,参,井,鬼,柳,星,張,翼,軫,角,亢,氐,房,心,尾,箕,斗,女,虚
8,危,室,壁,奎,婁,胃,昴,畢,觜,参,井,鬼,柳,星,張,翼,軫,角,亢,氐,房,心,尾,箕,斗,女,虚,危,室,壁,奎
9,婁,胃,昴,畢,觜,参,井,鬼,柳,星,張,翼,角,亢,氐,房,心,尾,箕,斗,女,虚,危,室,壁,奎,婁,胃,昴,畢
10,觜,参,井,鬼,柳,星,張,翼,軫,角,亢,氐,氐,房,心,尾,箕,斗,女,虚,危,室,壁,奎,婁,胃,昴,畢,觜,参,井
11,鬼,柳,星,張,翼,軫,角,亢,氐,房,心,尾,箕,斗,女,虚,危,室,壁,奎,婁,胃,昴,畢,觜,参,井,鬼,柳,星
12,張,翼,軫,角,亢,氐,房,心,尾,箕,斗,女,虚,危,室,壁,奎,婁,胃,昴,畢,觜,参,井,鬼,柳,星,張,翼,軫,角
1978,1,2,3,4,5,6,7,8,9,10,11,12,13,14,15,16,17,18,19,20,21,22,23,24,25,26,27,28,29,30,31
1,亢,氐,房,心,尾,箕,斗,女,虚,危,室,壁,奎,婁,胃,昴,畢,觜,参,井,鬼,柳,星,張,翼,軫,角,亢,氐,房,心
2,尾,箕,斗,女,虚,危,室,壁,奎,婁,胃,昴,畢,觜,参,井,鬼,柳,星,張,翼,軫,角,亢,氐,房,心,尾
3,箕,斗,女,虚,危,室,壁,奎,奎,婁,胃,昴,畢,觜,参,井,鬼,柳,星,張,翼,軫,角,亢,氐,房,心,尾,箕,斗,女
4,虚,危,室,壁,奎,婁,胃,胃,昴,畢,觜,参,井,鬼,柳,星,張,翼,軫,角,亢,氐,房,心,尾,箕,斗,女,虚,危
5,室,壁,奎,婁,胃,昴,畢,觜,参,井,鬼,柳,星,張,翼,軫,角,亢,氐,房,心,尾,箕,斗,女,虚,危,室,壁,奎,婁
6,胃,昴,畢,觜,参,参,井,鬼,柳,星,張,翼,軫,角,亢,氐,房,心,尾,箕,斗,女,虚,危,室,壁,奎,婁,胃,昴
7,畢,觜,参,井,鬼,柳,星,張,翼,軫,角,亢,氐,房,心,尾,箕,斗,女,虚,危,室,壁,奎,婁,胃,昴,畢,觜,参,井
8,鬼,柳,星,張,翼,軫,角,亢,氐,房,心,尾,箕,斗,女,虚,危,室,壁,奎,婁,胃,昴,畢,觜,参,井,鬼,柳,星,張
9,翼,軫,角,亢,氐,房,心,尾,箕,斗,女,虚,危,室,壁,奎,婁,胃,昴,畢,觜,参,井,鬼,柳,星,張,翼,軫,角
10,亢,氐,房,心,尾,箕,斗,女,虚,危,室,壁,奎,婁,胃,昴,畢,觜,参,井,鬼,柳,星,張,翼,軫,角,亢,氐,昴,心
11,心,尾,箕,斗,女,虚,危,室,壁,奎,婁,胃,昴,畢,觜,参,井,鬼,柳,星,張,翼,軫,角,亢,氐,房,心,尾,斗
12,女,虚,危,室,壁,奎,婁,胃,昴,畢,觜,参,井,鬼,柳,星,張,翼,軫,角,亢,氐,房,心,尾,箕,斗,女,虚,虚,危
1979,1,2,3,4,5,6,7,8,9,10,11,12,13,14,15,16,17,18,19,20,21,22,23,24,25,26,27,28,29,30,31
1,室,壁,奎,婁,胃,昴,畢,觜,参,井,鬼,柳,星,張,翼,軫,角,亢,氐,房,心,尾,箕,斗,女,虚,危,室,壁,奎,婁
2,胃,昴,畢,觜,参,井,鬼,柳,星,張,翼,軫,角,亢,氐,房,心,尾,箕,斗,女,虚,危,室,壁,奎,奎,婁
3,胃,昴,畢,觜,参,井,鬼,柳,星,張,翼,軫,角,亢,氐,房,心,尾,箕,斗,女,虚,危,室,壁,奎,婁,胃,昴,畢,觜
4,参,井,鬼,柳,星,張,翼,軫,角,亢,氐,房,心,尾,箕,斗,女,虚,危,室,壁,奎,婁,胃,昴,畢,觜,参,井,鬼
5,柳,星,張,翼,軫,角,亢,氐,房,心,尾,箕,斗,女,虚,危,室,壁,奎,婁,胃,昴,畢,觜,参,参,井,鬼,柳,星,張
6,翼,軫,角,亢,氐,房,心,尾,箕,斗,女,虚,危,室,壁,奎,婁,胃,昴,畢,觜,参,井,鬼,柳,星,張,翼,軫,角
7,亢,氐,房,心,尾,箕,斗,女,虚,危,室,壁,奎,婁,胃,昴,畢,觜,参,井,鬼,柳,星,鬼,柳,星,張,翼,軫,角,亢
8,氐,房,心,尾,箕,斗,女,虚,危,室,壁,奎,婁,胃,昴,畢,觜,参,井,鬼,柳,張,翼,軫,角,亢,氐,房,心,尾,箕
9,斗,女,虚,危,室,壁,奎,婁,胃,昴,畢,觜,参,井,鬼,柳,星,張,翼,軫,角,亢,氐,房,心,尾,箕,斗,女,虚
10,危,室,壁,奎,婁,胃,昴,畢,觜,参,井,鬼,柳,星,張,翼,軫,角,亢,氐,氐,房,心,尾,箕,斗,女,虚,危,室,壁
11,奎,婁,胃,昴,畢,觜,参,井,鬼,柳,星,張,翼,軫,角,亢,氐,房,心,心,尾,箕,斗,女,虚,危,室,壁,奎,婁
12,胃,昴,畢,觜,参,井,鬼,柳,星,張,翼,軫,角,亢,氐,房,心,尾,斗,女,虚,危,室,壁,奎,婁,胃,昴,畢,觜,参
1980,1,2,3,4,5,6,7,8,9,10,11,12,13,14,15,16,17,18,19,20,21,22,23,24,25,26,27,28,29,30,31
1,井,鬼,柳,星,張,翼,軫,角,亢,氐,房,心,尾,箕,斗,女,虚,虚,危,室,壁,奎,婁,胃,昴,畢,觜,参,胃,鬼,柳
2,星,張,翼,軫,角,亢,氐,房,心,尾,箕,斗,女,虚,危,室,壁,奎,婁,胃,昴,畢,觜,参,井,鬼,柳,星,張
3,翼,軫,角,亢,氐,房,心,尾,箕,斗,女,虚,危,室,壁,奎,奎,婁,胃,昴,畢,觜,参,井,鬼,柳,星,張,翼,軫,角
4,亢,氐,房,心,尾,箕,斗,女,虚,危,室,壁,奎,婁,胃,昴,畢,觜,参,井,鬼,柳,星,張,翼,軫,角,亢,氐,房
5,心,尾,箕,斗,女,虚,危,室,壁,奎,婁,胃,昴,畢,觜,参,井,鬼,柳,星,張,翼,軫,角,亢,氐,房,心,尾,箕,斗
6,女,虚,危,室,壁,奎,婁,胃,昴,畢,觜,参,参,井,鬼,柳,星,張,翼,軫,角,亢,氐,房,心,尾,箕,斗,女,虚
7,危,室,壁,奎,婁,胃,昴,畢,觜,参,井,鬼,柳,星,張,翼,軫,角,亢,氐,房,心,尾,箕,斗,女,虚,危,室,壁,奎
8,婁,胃,昴,畢,觜,参,井,鬼,柳,星,張,翼,軫,角,亢,氐,房,心,尾,箕,斗,女,虚,危,室,壁,奎,婁,胃,昴,畢
9,觜,参,井,鬼,柳,星,張,翼,角,亢,氐,房,心,尾,箕,斗,女,虚,危,室,壁,奎,婁,胃,昴,畢,觜,参,井,鬼
10,柳,星,張,翼,軫,角,亢,氐,低,房,心,尾,箕,斗,女,虚,危,室,壁,奎,婁,胃,昴,畢,觜,参,井,鬼,柳,星,張
11,翼,軫,角,亢,氐,房,心,心,尾,箕,斗,女,虚,危,室,壁,奎,婁,胃,昴,畢,觜,参,井,鬼,柳,星,張,翼,軫
12,角,亢,氐,房,心,尾,箕,斗,女,虚,危,室,壁,奎,婁,胃,昴,畢,觜,参,井,鬼,柳,星,張,翼,軫,角,亢,氐,房
1981,1,2,3,4,5,6,7,8,9,10,11,12,13,14,15,16,17,18,19,20,21,22,23,24,25,26,27,28,29,30,31
1,心,尾,箕,斗,女,虚,危,室,壁,奎,婁,胃,昴,畢,觜,参,井,鬼,柳,星,張,翼,軫,角,亢,氐,房,心,尾,箕,斗
2,女,虚,危,室,室,壁,奎,婁,胃,昴,畢,觜,参,井,鬼,柳,星,張,翼,軫,角,亢,氐,房,心,尾,箕,斗
3,女,虚,危,室,壁,奎,婁,胃,昴,畢,觜,参,井,鬼,柳,星,張,翼,軫,角,亢,氐,房,心,尾,箕,斗,女,虚,危,室
4,壁,奎,婁,胃,胃,昴,畢,觜,参,井,鬼,柳,星,張,翼,軫,角,亢,氐,房,心,尾,箕,斗,女,虚,危,室,壁,奎
5,婁,胃,昴,畢,觜,参,井,鬼,柳,星,張,翼,軫,角,亢,氐,房,心,尾,箕,斗,女,虚,危,室,壁,奎,婁,胃,昴,畢
6,觜,参,井,鬼,柳,星,張,翼,軫,角,亢,氐,房,心,尾,箕,斗,女,虚,危,室,壁,奎,婁,胃,昴,畢,觜,参,井
7,鬼,鬼,柳,星,張,翼,軫,角,亢,氐,房,心,尾,箕,斗,女,虚,危,室,壁,奎,婁,胃,昴,畢,觜,参,井,鬼,柳,張
8,翼,軫,角,亢,氐,房,心,尾,箕,斗,女,虚,危,室,壁,奎,婁,胃,昴,畢,觜,参,井,鬼,柳,星,張,翼,軫,角,亢
9,氐,房,心,尾,箕,斗,女,虚,危,室,壁,奎,婁,胃,昴,畢,觜,参,井,鬼,柳,星,張,翼,軫,角,亢,氐,房,心
10,尾,箕,斗,女,虚,危,室,壁,奎,婁,胃,昴,畢,觜,参,井,鬼,柳,星,張,翼,軫,角,亢,氐,房,心,心,尾,箕,斗
11,女,虚,危,室,壁,奎,婁,胃,昴,畢,觜,参,井,鬼,柳,星,張,翼,軫,角,亢,氐,房,心,尾,箕,斗,女,虚,危
12,室,壁,奎,婁,胃,昴,畢,觜,参,井,鬼,柳,星,張,翼,軫,角,亢,氐,房,心,尾,箕,斗,女,虚,危,室,壁,奎,婁
1982,1,2,3,4,5,6,7,8,9,10,11,12,13,14,15,16,17,18,19,20,21,22,23,24,25,26,27,28,29,30,31
1,胃,昴,畢,觜,参,井,鬼,柳,星,張,翼,軫,角,亢,氐,房,心,尾,箕,斗,女,虚,危,室,室,壁,奎,婁,胃,昴,畢
2,觜,参,井,鬼,柳,星,張,翼,軫,角,亢,氐,房,心,尾,箕,斗,女,虚,危,室,壁,奎,奎,婁,胃,昴,畢
3,觜,参,井,鬼,柳,星,張,翼,軫,角,亢,氐,房,心,尾,箕,斗,女,虚,危,室,壁,奎,婁,胃,昴,畢,觜,参,井,鬼
4,柳,星,張,翼,軫,角,亢,氐,房,心,尾,箕,斗,女,虚,危,室,壁,奎,婁,胃,昴,畢,畢,觜,参,井,鬼,柳,星
5,張,翼,軫,角,亢,氐,房,心,尾,箕,斗,女,虚,危,室,壁,奎,婁,胃,昴,畢,觜,畢,觜,参,井,鬼,柳,星,張,翼
6,軫,角,亢,氐,房,心,尾,箕,斗,女,虚,危,室,壁,奎,婁,胃,昴,畢,觜,参,井,鬼,柳,星,張,翼,軫,角,亢
7,氐,房,心,尾,箕,斗,女,虚,危,室,壁,奎,婁,胃,昴,畢,觜,参,井,鬼,鬼,柳,星,張,翼,軫,角,亢,氐,房,心
8,尾,箕,斗,女,虚,危,室,壁,奎,婁,胃,昴,畢,觜,参,井,鬼,柳,張,翼,軫,角,亢,氐,房,心,尾,箕,斗,女,虚
9,危,室,壁,奎,婁,胃,昴,畢,觜,参,井,鬼,柳,星,張,翼,軫,角,亢,氐,房,心,尾,箕,斗,女,虚,危,室,壁,
10,奎,婁,胃,昴,畢,觜,参,井,鬼,柳,星,張,翼,軫,角,亢,氐,房,心,尾,箕,斗,女,虚,危,室,壁,奎,婁,胃,昴
11,畢,觜,参,井,鬼,柳,星,張,翼,軫,角,亢,氐,房,心,心,尾,箕,斗,女,虚,危,室,壁,奎,婁,胃,昴,畢,觜,
12,参,井,鬼,柳,星,張,翼,軫,角,亢,氐,房,心,尾,箕,斗,女,虚,危,室,壁,奎,婁,胃,昴,畢,觜,参,井,鬼,柳
1983,1,2,3,4,5,6,7,8,9,10,11,12,13,14,15,16,17,18,19,20,21,22,23,24,25,26,27,28,29,30,31
1,星,張,翼,軫,角,亢,氐,房,心,尾,箕,斗,女,虚,危,室,壁,奎,婁,胃,昴,畢,觜,参,井,鬼,柳,星,張,翼,軫
2,角,亢,氐,房,心,尾,箕,斗,女,虚,危,室,室,壁,奎,婁,胃,昴,畢,觜,参,井,鬼,柳,星,張,翼,軫
3,角,亢,氐,房,心,尾,箕,斗,女,虚,危,室,壁,奎,奎,婁,胃,昴,畢,觜,参,井,鬼,柳,星,張,翼,軫,角,亢,氐
4,房,心,尾,箕,斗,女,虚,危,室,壁,奎,婁,胃,昴,畢,觜,参,井,鬼,柳,星,張,翼,軫,角,亢,氐,房,心,尾
5,箕,斗,女,虚,危,室,壁,奎,婁,胃,昴,畢,畢,觜,参,井,鬼,柳,星,張,翼,軫,角,亢,氐,房,心,尾,箕,斗,女
6,虚,危,室,壁,奎,婁,胃,昴,畢,觜,参,井,鬼,柳,星,張,翼,軫,角,亢,氐,房,心,尾,箕,斗,女,虚,危,室
7,壁,奎,婁,胃,昴,畢,觜,参,井,鬼,柳,星,張,翼,軫,角,亢,氐,房,心,尾,箕,斗,女,虚,危,室,壁,奎,婁,胃
8,昴,畢,觜,参,井,鬼,柳,星,張,翼,軫,角,亢,氐,房,心,尾,箕,斗,女,虚,危,室,壁,奎,婁,胃,昴,畢,觜,参
9,井,鬼,柳,星,張,翼,角,亢,氐,房,心,尾,箕,斗,女,虚,危,室,壁,奎,婁,胃,昴,畢,觜,参,井,鬼,柳,星
10,張,翼,軫,角,亢,氐,房,心,尾,箕,斗,女,虚,危,室,壁,奎,婁,胃,昴,畢,觜,参,井,鬼,柳,星,張,翼,軫,角
11,亢,氐,房,心,心,尾,箕,斗,女,虚,危,室,壁,奎,婁,胃,昴,畢,觜,参,井,鬼,柳,星,張,翼,軫,角,亢,低
12,房,心,尾,箕,斗,女,虚,危,室,壁,奎,婁,胃,昴,畢,觜,参,井,鬼,柳,星,張,翼,軫,角,亢,氐,房,心,尾,箕
1984,1,2,3,4,5,6,7,8,9,10,11,12,13,14,15,16,17,18,19,20,21,22,23,24,25,26,27,28,29,30,31
1
2
3
4
5
6
7
8
9
10
11
12
1985,1,2,3,4,5,6,7,8,9,10,11,12,13,14,15,16,17,18,19,20,21,22,23,24,25,26,27,28,29,30,31
1
2
3
4
5
6
7
8
9
10
11
12
1985,1,2,3,4,5,6,7,8,9,10,11,12,13,14,15,16,17,18,19,20,21,22,23,24,25,26,27,28,29,30,31
1
2
3
4
5
6
7
8
9
10
11
12
1986,1,2,3,4,5,6,7,8,9,10,11,12,13,14,15,16,17,18,19,20,21,22,23,24,25,26,27,28,29,30,31
1
2
3
4
5
6
7
8
9
10
11
12
1987,1,2,3,4,5,6,7,8,9,10,11,12,13,14,15,16,17,18,19,20,21,22,23,24,25,26,27,28,29,30,31
1
2
3
4
5
6
7
8
9
10
11
12
1988,1,2,3,4,5,6,7,8,9,10,11,12,13,14,15,16,17,18,19,20,21,22,23,24,25,26,27,28,29,30,31
1
2
3
4
5
6
7
8
9
10
11
12
1989,1,2,3,4,5,6,7,8,9,10,11,12,13,14,15,16,17,18,19,20,21,22,23,24,25,26,27,28,29,30,31
1
2
3
4
5
6
7
8
9
10
11
12
1990,1,2,3,4,5,6,7,8,9,10,11,12,13,14,15,16,17,18,19,20,21,22,23,24,25,26,27,28,29,30,31
1
2
3
4
5
6
7
8
9
10
11
12
1991,1,2,3,4,5,6,7,8,9,10,11,12,13,14,15,16,17,18,19,20,21,22,23,24,25,26,27,28,29,30,31
1
2
3
4
5
6
7
8
9
10
11
12
1992,1,2,3,4,5,6,7,8,9,10,11,12,13,14,15,16,17,18,19,20,21,22,23,24,25,26,27,28,29,30,31
1
2
3
4
5
6
7
8
9
10
11
12
1993,1,2,3,4,5,6,7,8,9,10,11,12,13,14,15,16,17,18,19,20,21,22,23,24,25,26,27,28,29,30,31
1
2
3
4
5
6
7
8
9
10
11
12
1994,1,2,3,4,5,6,7,8,9,10,11,12,13,14,15,16,17,18,19,20,21,22,23,24,25,26,27,28,29,30,31
1
2
3
4
5
6
7
8
9
10
11
12
1995,1,2,3,4,5,6,7,8,9,10,11,12,13,14,15,16,17,18,19,20,21,22,23,24,25,26,27,28,29,30,31
1
2
3
4
5
6
7
8
9
10
11
12
1996,1,2,3,4,5,6,7,8,9,10,11,12,13,14,15,16,17,18,19,20,21,22,23,24,25,26,27,28,29,30,31
1
2
3
4
5
6
7
8
9
10
11
12
1997,1,2,3,4,5,6,7,8,9,10,11,12,13,14,15,16,17,18,19,20,21,22,23,24,25,26,27,28,29,30,31
1
2
3
4
5
6
7
8
9
10
11
12
1998,1,2,3,4,5,6,7,8,9,10,11,12,13,14,15,16,17,18,19,20,21,22,23,24,25,26,27,28,29,30,31
1
2
3
4
5
6
7
8
9
10
11
12
1999,1,2,3,4,5,6,7,8,9,10,11,12,13,14,15,16,17,18,19,20,21,22,23,24,25,26,27,28,29,30,31
1
2
3
4
5
6
7
8
9
10
11
12
2000,1,2,3,4,5,6,7,8,9,10,11,12,13,14,15,16,17,18,19,20,21,22,23,24,25,26,27,28,29,30,31
1
2
3
4
5
6
7
8
9
10
11
12